,Div,Date,HomeTeam,AwayTeam,FTHG,FTAG,FTR,HTHG,HTAG,HTR,Referee,HS,AS,HST,AST,HF,AF,HC,AC,HY,AY,HR,AR
0,E0,16/08/14,Arsenal,Crystal Palace,2.0,1.0,H,1.0,1.0,D,J Moss,14.0,4.0,6.0,2.0,13.0,19.0,9.0,3.0,2.0,2.0,0.0,1.0
1,E0,16/08/14,Leicester,Everton,2.0,2.0,D,1.0,2.0,A,M Jones,11.0,13.0,3.0,3.0,16.0,10.0,3.0,6.0,1.0,1.0,0.0,0.0
2,E0,16/08/14,Man United,Swansea,1.0,2.0,A,0.0,1.0,A,M Dean,14.0,5.0,5.0,4.0,14.0,20.0,4.0,0.0,2.0,4.0,0.0,0.0
3,E0,16/08/14,QPR,Hull,0.0,1.0,A,0.0,0.0,D,C Pawson,19.0,11.0,6.0,4.0,10.0,10.0,8.0,9.0,1.0,2.0,0.0,0.0
4,E0,16/08/14,Stoke,Aston Villa,0.0,1.0,A,0.0,0.0,D,A Taylor,12.0,7.0,2.0,2.0,14.0,9.0,2.0,8.0,0.0,3.0,0.0,0.0
5,E0,16/08/14,West Brom,Sunderland,2.0,2.0,D,1.0,1.0,D,N Swarbrick,10.0,7.0,5.0,2.0,18.0,9.0,6.0,3.0,3.0,1.0,0.0,0.0
6,E0,16/08/14,West Ham,Tottenham,0.0,1.0,A,0.0,0.0,D,C Foy,18.0,10.0,4.0,4.0,12.0,10.0,8.0,5.0,1.0,0.0,1.0,1.0
7,E0,17/08/14,Liverpool,Southampton,2.0,1.0,H,1.0,0.0,H,M Clattenburg,12.0,12.0,5.0,6.0,8.0,11.0,2.0,6.0,1.0,2.0,0.0,0.0
8,E0,17/08/14,Newcastle,Man City,0.0,2.0,A,0.0,1.0,A,M Atkinson,12.0,13.0,0.0,5.0,8.0,11.0,3.0,3.0,1.0,5.0,0.0,0.0
9,E0,18/08/14,Burnley,Chelsea,1.0,3.0,A,1.0,3.0,A,M Oliver,9.0,11.0,2.0,3.0,6.0,7.0,4.0,3.0,1.0,1.0,0.0,0.0
10,E0,23/08/14,Aston Villa,Newcastle,0.0,0.0,D,0.0,0.0,D,M Dean,9.0,11.0,0.0,4.0,11.0,8.0,7.0,7.0,4.0,0.0,0.0,1.0
11,E0,23/08/14,Chelsea,Leicester,2.0,0.0,H,0.0,0.0,D,L Mason,27.0,6.0,10.0,4.0,11.0,11.0,8.0,7.0,0.0,1.0,0.0,0.0
12,E0,23/08/14,Crystal Palace,West Ham,1.0,3.0,A,0.0,2.0,A,M Clattenburg,9.0,17.0,4.0,8.0,14.0,11.0,6.0,9.0,1.0,3.0,0.0,0.0
13,E0,23/08/14,Everton,Arsenal,2.0,2.0,D,2.0,0.0,H,K Friend,8.0,13.0,2.0,3.0,10.0,18.0,3.0,3.0,1.0,4.0,0.0,0.0
14,E0,23/08/14,Southampton,West Brom,0.0,0.0,D,0.0,0.0,D,R East,8.0,8.0,2.0,2.0,14.0,15.0,1.0,5.0,1.0,2.0,0.0,0.0
15,E0,23/08/14,Swansea,Burnley,1.0,0.0,H,1.0,0.0,H,C Pawson,10.0,12.0,5.0,1.0,14.0,13.0,2.0,3.0,2.0,1.0,0.0,0.0
16,E0,24/08/14,Hull,Stoke,1.0,1.0,D,1.0,0.0,H,J Moss,9.0,19.0,2.0,3.0,10.0,10.0,4.0,5.0,1.0,3.0,1.0,0.0
17,E0,24/08/14,Sunderland,Man United,1.0,1.0,D,1.0,1.0,D,M Atkinson,11.0,10.0,3.0,3.0,10.0,15.0,4.0,4.0,0.0,2.0,0.0,0.0
18,E0,24/08/14,Tottenham,QPR,4.0,0.0,H,3.0,0.0,H,A Taylor,18.0,9.0,5.0,1.0,12.0,6.0,7.0,6.0,0.0,1.0,0.0,0.0
19,E0,25/08/14,Man City,Liverpool,3.0,1.0,H,1.0,0.0,H,M Oliver,9.0,11.0,4.0,3.0,13.0,7.0,6.0,7.0,1.0,1.0,0.0,0.0
20,E0,30/08/14,Burnley,Man United,0.0,0.0,D,0.0,0.0,D,C Foy,9.0,7.0,3.0,2.0,10.0,14.0,3.0,6.0,2.0,2.0,0.0,0.0
21,E0,30/08/14,Everton,Chelsea,3.0,6.0,A,1.0,2.0,A,J Moss,17.0,12.0,7.0,8.0,7.0,16.0,8.0,2.0,1.0,3.0,0.0,0.0
22,E0,30/08/14,Man City,Stoke,0.0,1.0,A,0.0,0.0,D,L Mason,16.0,7.0,2.0,2.0,14.0,5.0,11.0,4.0,2.0,1.0,0.0,0.0
23,E0,30/08/14,Newcastle,Crystal Palace,3.0,3.0,D,1.0,1.0,D,M Jones,18.0,12.0,4.0,7.0,12.0,19.0,11.0,4.0,1.0,3.0,0.0,0.0
24,E0,30/08/14,QPR,Sunderland,1.0,0.0,H,1.0,0.0,H,R Madley,18.0,16.0,5.0,6.0,8.0,9.0,4.0,6.0,1.0,2.0,0.0,0.0
25,E0,30/08/14,Swansea,West Brom,3.0,0.0,H,2.0,0.0,H,P Tierney,15.0,16.0,8.0,2.0,10.0,8.0,0.0,7.0,1.0,2.0,0.0,0.0
26,E0,30/08/14,West Ham,Southampton,1.0,3.0,A,1.0,1.0,D,M Dean,4.0,18.0,2.0,8.0,11.0,13.0,2.0,9.0,2.0,1.0,0.0,0.0
27,E0,31/08/14,Aston Villa,Hull,2.0,1.0,H,2.0,0.0,H,M Clattenburg,11.0,9.0,4.0,3.0,9.0,10.0,3.0,7.0,1.0,4.0,0.0,0.0
28,E0,31/08/14,Leicester,Arsenal,1.0,1.0,D,1.0,1.0,D,A Taylor,9.0,24.0,3.0,6.0,14.0,6.0,5.0,10.0,3.0,1.0,0.0,0.0
29,E0,31/08/14,Tottenham,Liverpool,0.0,3.0,A,0.0,1.0,A,P Dowd,7.0,17.0,1.0,8.0,14.0,11.0,7.0,3.0,0.0,4.0,0.0,0.0
30,E0,13/09/14,Arsenal,Man City,2.0,2.0,D,0.0,1.0,A,M Clattenburg,15.0,15.0,6.0,8.0,11.0,15.0,0.0,3.0,3.0,4.0,0.0,0.0
31,E0,13/09/14,Chelsea,Swansea,4.0,2.0,H,1.0,1.0,D,K Friend,29.0,11.0,9.0,2.0,12.0,11.0,7.0,4.0,0.0,3.0,0.0,0.0
32,E0,13/09/14,Crystal Palace,Burnley,0.0,0.0,D,0.0,0.0,D,M Dean,14.0,11.0,3.0,3.0,12.0,10.0,5.0,5.0,2.0,3.0,0.0,0.0
33,E0,13/09/14,Liverpool,Aston Villa,0.0,1.0,A,0.0,1.0,A,L Mason,18.0,5.0,1.0,1.0,9.0,10.0,7.0,6.0,2.0,1.0,0.0,0.0
34,E0,13/09/14,Southampton,Newcastle,4.0,0.0,H,2.0,0.0,H,C Foy,10.0,9.0,7.0,4.0,15.0,7.0,5.0,5.0,0.0,2.0,0.0,0.0
35,E0,13/09/14,Stoke,Leicester,0.0,1.0,A,0.0,0.0,D,M Oliver,24.0,8.0,4.0,1.0,8.0,15.0,13.0,3.0,3.0,0.0,0.0,0.0
36,E0,13/09/14,Sunderland,Tottenham,2.0,2.0,D,1.0,1.0,D,C Pawson,6.0,15.0,1.0,6.0,10.0,13.0,5.0,5.0,5.0,1.0,0.0,0.0
37,E0,13/09/14,West Brom,Everton,0.0,2.0,A,0.0,1.0,A,A Taylor,11.0,11.0,1.0,4.0,12.0,8.0,9.0,1.0,2.0,3.0,0.0,0.0
38,E0,14/09/14,Man United,QPR,4.0,0.0,H,3.0,0.0,H,P Dowd,19.0,9.0,9.0,2.0,11.0,8.0,3.0,1.0,1.0,0.0,0.0,0.0
39,E0,15/09/14,Hull,West Ham,2.0,2.0,D,1.0,0.0,H,M Atkinson,11.0,16.0,6.0,4.0,12.0,7.0,3.0,10.0,3.0,1.0,0.0,0.0
40,E0,20/09/14,Aston Villa,Arsenal,0.0,3.0,A,0.0,3.0,A,M Jones,6.0,9.0,2.0,3.0,11.0,9.0,5.0,5.0,1.0,3.0,0.0,0.0
41,E0,20/09/14,Burnley,Sunderland,0.0,0.0,D,0.0,0.0,D,A Taylor,17.0,14.0,6.0,6.0,14.0,14.0,5.0,1.0,1.0,2.0,0.0,0.0
42,E0,20/09/14,Newcastle,Hull,2.0,2.0,D,0.0,0.0,D,N Swarbrick,25.0,10.0,7.0,3.0,11.0,11.0,4.0,2.0,4.0,2.0,0.0,0.0
43,E0,20/09/14,QPR,Stoke,2.0,2.0,D,1.0,1.0,D,M Atkinson,21.0,8.0,5.0,4.0,6.0,15.0,10.0,1.0,2.0,4.0,0.0,0.0
44,E0,20/09/14,Swansea,Southampton,0.0,1.0,A,0.0,0.0,D,J Moss,5.0,11.0,2.0,4.0,11.0,15.0,2.0,4.0,0.0,4.0,1.0,0.0
45,E0,20/09/14,West Ham,Liverpool,3.0,1.0,H,2.0,1.0,H,C Pawson,13.0,11.0,7.0,5.0,16.0,11.0,7.0,5.0,4.0,1.0,0.0,0.0
46,E0,21/09/14,Everton,Crystal Palace,2.0,3.0,A,1.0,1.0,D,M Oliver,17.0,10.0,6.0,3.0,8.0,13.0,7.0,1.0,2.0,2.0,0.0,0.0
47,E0,21/09/14,Leicester,Man United,5.0,3.0,H,1.0,2.0,A,M Clattenburg,15.0,16.0,5.0,5.0,11.0,9.0,2.0,4.0,1.0,1.0,0.0,1.0
48,E0,21/09/14,Man City,Chelsea,1.0,1.0,D,0.0,0.0,D,M Dean,16.0,6.0,4.0,2.0,16.0,12.0,14.0,2.0,3.0,4.0,1.0,0.0
49,E0,21/09/14,Tottenham,West Brom,0.0,1.0,A,0.0,0.0,D,K Friend,7.0,10.0,1.0,4.0,12.0,7.0,9.0,7.0,2.0,2.0,0.0,0.0
50,E0,27/09/14,Arsenal,Tottenham,1.0,1.0,D,0.0,0.0,D,M Oliver,16.0,6.0,6.0,4.0,7.0,16.0,15.0,5.0,3.0,6.0,0.0,0.0
51,E0,27/09/14,Chelsea,Aston Villa,3.0,0.0,H,1.0,0.0,H,P Dowd,17.0,7.0,8.0,1.0,11.0,9.0,9.0,2.0,2.0,2.0,0.0,0.0
52,E0,27/09/14,Crystal Palace,Leicester,2.0,0.0,H,0.0,0.0,D,K Stroud,16.0,7.0,6.0,1.0,14.0,9.0,6.0,6.0,0.0,2.0,0.0,0.0
53,E0,27/09/14,Hull,Man City,2.0,4.0,A,2.0,2.0,D,A Taylor,10.0,20.0,5.0,6.0,10.0,6.0,3.0,8.0,0.0,2.0,0.0,0.0
54,E0,27/09/14,Liverpool,Everton,1.0,1.0,D,0.0,0.0,D,M Atkinson,24.0,11.0,8.0,5.0,8.0,9.0,8.0,2.0,2.0,1.0,0.0,0.0
55,E0,27/09/14,Man United,West Ham,2.0,1.0,H,2.0,1.0,H,L Mason,8.0,13.0,3.0,4.0,10.0,12.0,7.0,10.0,1.0,3.0,1.0,0.0
56,E0,27/09/14,Southampton,QPR,2.0,1.0,H,0.0,0.0,D,M Clattenburg,19.0,10.0,9.0,2.0,12.0,11.0,6.0,3.0,2.0,1.0,0.0,0.0
57,E0,27/09/14,Sunderland,Swansea,0.0,0.0,D,0.0,0.0,D,C Foy,15.0,7.0,3.0,1.0,13.0,15.0,10.0,1.0,2.0,1.0,0.0,1.0
58,E0,28/09/14,West Brom,Burnley,4.0,0.0,H,2.0,0.0,H,J Moss,20.0,10.0,6.0,2.0,7.0,9.0,10.0,2.0,1.0,2.0,0.0,0.0
59,E0,29/09/14,Stoke,Newcastle,1.0,0.0,H,1.0,0.0,H,C Pawson,12.0,16.0,3.0,1.0,20.0,15.0,2.0,10.0,1.0,2.0,0.0,0.0
60,E0,04/10/14,Aston Villa,Man City,0.0,2.0,A,0.0,0.0,D,C Foy,6.0,27.0,1.0,7.0,4.0,6.0,0.0,7.0,0.0,1.0,0.0,0.0
61,E0,04/10/14,Hull,Crystal Palace,2.0,0.0,H,0.0,0.0,D,M Dean,15.0,11.0,2.0,2.0,6.0,14.0,6.0,7.0,1.0,2.0,0.0,0.0
62,E0,04/10/14,Leicester,Burnley,2.0,2.0,D,2.0,1.0,H,P Dowd,15.0,10.0,6.0,4.0,16.0,12.0,9.0,3.0,2.0,2.0,0.0,0.0
63,E0,04/10/14,Liverpool,West Brom,2.0,1.0,H,1.0,0.0,H,M Oliver,19.0,8.0,7.0,4.0,12.0,15.0,5.0,5.0,2.0,2.0,0.0,0.0
64,E0,04/10/14,Sunderland,Stoke,3.0,1.0,H,2.0,1.0,H,N Swarbrick,8.0,11.0,3.0,5.0,10.0,17.0,7.0,4.0,3.0,4.0,0.0,0.0
65,E0,04/10/14,Swansea,Newcastle,2.0,2.0,D,1.0,1.0,D,L Mason,11.0,9.0,5.0,4.0,11.0,15.0,3.0,1.0,1.0,3.0,0.0,0.0
66,E0,05/10/14,Chelsea,Arsenal,2.0,0.0,H,1.0,0.0,H,M Atkinson,5.0,10.0,3.0,0.0,14.0,10.0,2.0,2.0,4.0,3.0,0.0,0.0
67,E0,05/10/14,Man United,Everton,2.0,1.0,H,1.0,0.0,H,K Friend,15.0,10.0,4.0,6.0,18.0,11.0,11.0,6.0,4.0,3.0,0.0,0.0
68,E0,05/10/14,Tottenham,Southampton,1.0,0.0,H,1.0,0.0,H,M Jones,9.0,7.0,4.0,3.0,15.0,9.0,10.0,5.0,2.0,1.0,0.0,0.0
69,E0,05/10/14,West Ham,QPR,2.0,0.0,H,1.0,0.0,H,A Taylor,11.0,10.0,3.0,3.0,10.0,11.0,7.0,5.0,2.0,2.0,0.0,0.0
70,E0,18/10/14,Arsenal,Hull,2.0,2.0,D,1.0,1.0,D,R East,25.0,4.0,9.0,4.0,9.0,13.0,10.0,0.0,2.0,2.0,0.0,0.0
71,E0,18/10/14,Burnley,West Ham,1.0,3.0,A,0.0,0.0,D,K Friend,17.0,22.0,3.0,6.0,3.0,10.0,5.0,7.0,0.0,1.0,0.0,0.0
72,E0,18/10/14,Crystal Palace,Chelsea,1.0,2.0,A,0.0,1.0,A,C Pawson,7.0,14.0,4.0,5.0,13.0,7.0,3.0,2.0,1.0,1.0,1.0,1.0
73,E0,18/10/14,Everton,Aston Villa,3.0,0.0,H,1.0,0.0,H,A Taylor,15.0,10.0,6.0,2.0,11.0,16.0,3.0,4.0,2.0,2.0,0.0,0.0
74,E0,18/10/14,Man City,Tottenham,4.0,1.0,H,2.0,1.0,H,J Moss,20.0,19.0,12.0,7.0,11.0,9.0,3.0,4.0,1.0,2.0,0.0,1.0
75,E0,18/10/14,Newcastle,Leicester,1.0,0.0,H,0.0,0.0,D,M Atkinson,19.0,7.0,6.0,2.0,13.0,15.0,10.0,7.0,0.0,3.0,0.0,0.0
76,E0,18/10/14,Southampton,Sunderland,8.0,0.0,H,3.0,0.0,H,A Marriner,20.0,12.0,11.0,1.0,11.0,8.0,5.0,6.0,1.0,3.0,0.0,0.0
77,E0,19/10/14,QPR,Liverpool,2.0,3.0,A,0.0,0.0,D,P Dowd,15.0,15.0,6.0,5.0,10.0,15.0,7.0,2.0,2.0,3.0,0.0,0.0
78,E0,19/10/14,Stoke,Swansea,2.0,1.0,H,1.0,1.0,D,M Oliver,17.0,13.0,3.0,5.0,17.0,7.0,3.0,5.0,4.0,1.0,0.0,0.0
79,E0,20/10/14,West Brom,Man United,2.0,2.0,D,1.0,0.0,H,M Dean,8.0,22.0,2.0,7.0,6.0,8.0,0.0,11.0,1.0,2.0,0.0,0.0
80,E0,25/10/14,Liverpool,Hull,0.0,0.0,D,0.0,0.0,D,N Swarbrick,17.0,6.0,4.0,3.0,12.0,17.0,14.0,1.0,3.0,2.0,0.0,0.0
81,E0,25/10/14,Southampton,Stoke,1.0,0.0,H,1.0,0.0,H,J Moss,20.0,8.0,2.0,1.0,10.0,12.0,6.0,3.0,0.0,2.0,0.0,0.0
82,E0,25/10/14,Sunderland,Arsenal,0.0,2.0,A,0.0,1.0,A,K Friend,11.0,15.0,3.0,5.0,11.0,9.0,3.0,3.0,3.0,3.0,0.0,0.0
83,E0,25/10/14,Swansea,Leicester,2.0,0.0,H,1.0,0.0,H,M Jones,7.0,9.0,3.0,4.0,7.0,10.0,2.0,2.0,0.0,0.0,0.0,0.0
84,E0,25/10/14,West Brom,Crystal Palace,2.0,2.0,D,0.0,2.0,A,M Clattenburg,17.0,8.0,4.0,6.0,14.0,8.0,6.0,3.0,3.0,1.0,0.0,0.0
85,E0,25/10/14,West Ham,Man City,2.0,1.0,H,1.0,0.0,H,M Atkinson,12.0,21.0,4.0,5.0,12.0,14.0,4.0,8.0,2.0,1.0,0.0,0.0
86,E0,26/10/14,Burnley,Everton,1.0,3.0,A,1.0,2.0,A,A Marriner,14.0,15.0,3.0,6.0,12.0,7.0,5.0,4.0,4.0,2.0,0.0,0.0
87,E0,26/10/14,Man United,Chelsea,1.0,1.0,D,0.0,0.0,D,P Dowd,19.0,9.0,7.0,4.0,13.0,14.0,4.0,7.0,3.0,5.0,0.0,1.0
88,E0,26/10/14,Tottenham,Newcastle,1.0,2.0,A,1.0,0.0,H,A Taylor,17.0,8.0,2.0,2.0,9.0,12.0,10.0,2.0,2.0,4.0,0.0,0.0
89,E0,27/10/14,QPR,Aston Villa,2.0,0.0,H,1.0,0.0,H,L Mason,11.0,15.0,4.0,6.0,11.0,14.0,2.0,4.0,0.0,2.0,0.0,0.0
90,E0,01/11/14,Arsenal,Burnley,3.0,0.0,H,0.0,0.0,D,C Pawson,32.0,6.0,13.0,2.0,5.0,9.0,18.0,1.0,0.0,1.0,0.0,0.0
91,E0,01/11/14,Chelsea,QPR,2.0,1.0,H,1.0,0.0,H,M Jones,18.0,7.0,8.0,1.0,8.0,12.0,13.0,2.0,0.0,0.0,0.0,0.0
92,E0,01/11/14,Everton,Swansea,0.0,0.0,D,0.0,0.0,D,K Friend,17.0,8.0,3.0,0.0,10.0,15.0,11.0,0.0,2.0,3.0,0.0,1.0
93,E0,01/11/14,Hull,Southampton,0.0,1.0,A,0.0,1.0,A,M Atkinson,8.0,10.0,1.0,3.0,6.0,9.0,7.0,4.0,1.0,0.0,0.0,0.0
94,E0,01/11/14,Leicester,West Brom,0.0,1.0,A,0.0,0.0,D,S Attwell,14.0,8.0,5.0,3.0,5.0,12.0,8.0,3.0,0.0,1.0,0.0,0.0
95,E0,01/11/14,Newcastle,Liverpool,1.0,0.0,H,0.0,0.0,D,A Marriner,14.0,6.0,3.0,3.0,13.0,8.0,7.0,2.0,4.0,3.0,0.0,0.0
96,E0,01/11/14,Stoke,West Ham,2.0,2.0,D,1.0,0.0,H,C Foy,21.0,10.0,6.0,2.0,14.0,13.0,9.0,2.0,1.0,1.0,0.0,0.0
97,E0,02/11/14,Aston Villa,Tottenham,1.0,2.0,A,1.0,0.0,H,N Swarbrick,12.0,18.0,1.0,7.0,12.0,11.0,3.0,9.0,3.0,3.0,1.0,0.0
98,E0,02/11/14,Man City,Man United,1.0,0.0,H,0.0,0.0,D,M Oliver,16.0,9.0,6.0,2.0,15.0,9.0,7.0,4.0,3.0,1.0,0.0,1.0
99,E0,03/11/14,Crystal Palace,Sunderland,1.0,3.0,A,0.0,1.0,A,P Dowd,9.0,8.0,1.0,7.0,12.0,19.0,11.0,2.0,0.0,3.0,1.0,0.0
100,E0,08/11/14,Burnley,Hull,1.0,0.0,H,0.0,0.0,D,M Clattenburg,14.0,12.0,3.0,1.0,17.0,17.0,7.0,1.0,6.0,4.0,0.0,0.0
101,E0,08/11/14,Liverpool,Chelsea,1.0,2.0,A,1.0,1.0,D,A Taylor,12.0,15.0,4.0,5.0,9.0,12.0,5.0,7.0,2.0,5.0,0.0,0.0
102,E0,08/11/14,Man United,Crystal Palace,1.0,0.0,H,0.0,0.0,D,C Foy,23.0,6.0,5.0,1.0,8.0,12.0,11.0,4.0,1.0,3.0,0.0,0.0
103,E0,08/11/14,QPR,Man City,2.0,2.0,D,1.0,1.0,D,M Dean,17.0,23.0,4.0,6.0,9.0,10.0,7.0,7.0,4.0,2.0,0.0,0.0
104,E0,08/11/14,Southampton,Leicester,2.0,0.0,H,0.0,0.0,D,M Oliver,18.0,5.0,6.0,0.0,10.0,12.0,13.0,4.0,2.0,2.0,0.0,0.0
105,E0,08/11/14,West Ham,Aston Villa,0.0,0.0,D,0.0,0.0,D,J Moss,21.0,12.0,5.0,4.0,9.0,10.0,13.0,2.0,0.0,3.0,0.0,0.0
106,E0,09/11/14,Sunderland,Everton,1.0,1.0,D,0.0,0.0,D,L Mason,10.0,16.0,3.0,7.0,11.0,13.0,5.0,4.0,1.0,2.0,0.0,0.0
107,E0,09/11/14,Swansea,Arsenal,2.0,1.0,H,0.0,0.0,D,P Dowd,11.0,12.0,5.0,4.0,10.0,16.0,6.0,10.0,5.0,5.0,0.0,0.0
108,E0,09/11/14,Tottenham,Stoke,1.0,2.0,A,0.0,2.0,A,M Jones,14.0,11.0,4.0,4.0,20.0,13.0,5.0,5.0,3.0,2.0,1.0,0.0
109,E0,09/11/14,West Brom,Newcastle,0.0,2.0,A,0.0,1.0,A,C Pawson,10.0,8.0,2.0,3.0,12.0,6.0,7.0,4.0,0.0,0.0,0.0,0.0
110,E0,22/11/14,Arsenal,Man United,1.0,2.0,A,0.0,0.0,D,M Dean,23.0,12.0,9.0,2.0,12.0,8.0,11.0,5.0,2.0,1.0,0.0,0.0
111,E0,22/11/14,Chelsea,West Brom,2.0,0.0,H,2.0,0.0,H,L Mason,21.0,5.0,8.0,1.0,7.0,9.0,15.0,0.0,1.0,0.0,0.0,1.0
112,E0,22/11/14,Everton,West Ham,2.0,1.0,H,1.0,0.0,H,M Clattenburg,14.0,14.0,4.0,3.0,10.0,13.0,1.0,5.0,2.0,3.0,0.0,0.0
113,E0,22/11/14,Leicester,Sunderland,0.0,0.0,D,0.0,0.0,D,R Madley,13.0,10.0,4.0,5.0,18.0,12.0,6.0,9.0,2.0,3.0,0.0,0.0
114,E0,22/11/14,Man City,Swansea,2.0,1.0,H,1.0,1.0,D,N Swarbrick,23.0,8.0,10.0,3.0,13.0,9.0,7.0,3.0,2.0,1.0,0.0,0.0
115,E0,22/11/14,Newcastle,QPR,1.0,0.0,H,0.0,0.0,D,C Foy,14.0,13.0,6.0,4.0,12.0,15.0,16.0,7.0,2.0,3.0,0.0,0.0
116,E0,22/11/14,Stoke,Burnley,1.0,2.0,A,1.0,2.0,A,M Atkinson,25.0,5.0,4.0,4.0,10.0,9.0,14.0,0.0,2.0,2.0,0.0,0.0
117,E0,23/11/14,Crystal Palace,Liverpool,3.0,1.0,H,1.0,1.0,D,J Moss,15.0,12.0,5.0,1.0,21.0,10.0,4.0,3.0,1.0,2.0,0.0,0.0
118,E0,23/11/14,Hull,Tottenham,1.0,2.0,A,1.0,0.0,H,C Pawson,10.0,23.0,2.0,6.0,15.0,9.0,3.0,9.0,3.0,1.0,1.0,0.0
119,E0,24/11/14,Aston Villa,Southampton,1.0,1.0,D,1.0,0.0,H,P Dowd,7.0,15.0,1.0,4.0,15.0,17.0,2.0,8.0,1.0,2.0,0.0,0.0
120,E0,29/11/14,Burnley,Aston Villa,1.0,1.0,D,0.0,1.0,A,G Scott,11.0,18.0,4.0,7.0,8.0,8.0,1.0,5.0,3.0,4.0,0.0,0.0
121,E0,29/11/14,Liverpool,Stoke,1.0,0.0,H,0.0,0.0,D,C Pawson,16.0,13.0,3.0,4.0,11.0,9.0,5.0,5.0,0.0,3.0,0.0,0.0
122,E0,29/11/14,Man United,Hull,3.0,0.0,H,2.0,0.0,H,A Taylor,12.0,4.0,6.0,2.0,12.0,12.0,7.0,0.0,2.0,2.0,0.0,0.0
123,E0,29/11/14,QPR,Leicester,3.0,2.0,H,2.0,1.0,H,R East,32.0,19.0,6.0,5.0,8.0,17.0,11.0,5.0,3.0,2.0,0.0,0.0
124,E0,29/11/14,Sunderland,Chelsea,0.0,0.0,D,0.0,0.0,D,K Friend,12.0,24.0,3.0,6.0,13.0,10.0,2.0,8.0,3.0,2.0,0.0,0.0
125,E0,29/11/14,Swansea,Crystal Palace,1.0,1.0,D,1.0,1.0,D,M Atkinson,18.0,11.0,4.0,5.0,6.0,12.0,4.0,6.0,0.0,2.0,0.0,0.0
126,E0,29/11/14,West Brom,Arsenal,0.0,1.0,A,0.0,0.0,D,C Foy,9.0,17.0,1.0,5.0,9.0,10.0,4.0,4.0,2.0,1.0,0.0,0.0
127,E0,29/11/14,West Ham,Newcastle,1.0,0.0,H,0.0,0.0,D,M Dean,12.0,7.0,3.0,1.0,9.0,16.0,6.0,2.0,3.0,2.0,0.0,1.0
128,E0,30/11/14,Southampton,Man City,0.0,3.0,A,0.0,0.0,D,M Jones,13.0,15.0,4.0,6.0,10.0,13.0,8.0,6.0,1.0,2.0,0.0,1.0
129,E0,30/11/14,Tottenham,Everton,2.0,1.0,H,2.0,1.0,H,M Oliver,13.0,10.0,6.0,5.0,15.0,5.0,3.0,4.0,5.0,1.0,0.0,0.0
130,E0,02/12/14,Burnley,Newcastle,1.0,1.0,D,1.0,0.0,H,P Dowd,12.0,11.0,2.0,4.0,12.0,12.0,2.0,5.0,2.0,2.0,0.0,0.0
131,E0,02/12/14,Crystal Palace,Aston Villa,0.0,1.0,A,0.0,1.0,A,M Oliver,17.0,5.0,5.0,3.0,16.0,15.0,8.0,2.0,2.0,2.0,0.0,0.0
132,E0,02/12/14,Leicester,Liverpool,1.0,3.0,A,1.0,1.0,D,L Mason,20.0,11.0,4.0,3.0,11.0,10.0,7.0,4.0,1.0,2.0,1.0,0.0
133,E0,02/12/14,Man United,Stoke,2.0,1.0,H,1.0,1.0,D,J Moss,10.0,5.0,3.0,4.0,8.0,13.0,2.0,2.0,2.0,4.0,0.0,0.0
134,E0,02/12/14,Swansea,QPR,2.0,0.0,H,0.0,0.0,D,K Friend,18.0,5.0,7.0,1.0,8.0,12.0,9.0,2.0,2.0,2.0,0.0,0.0
135,E0,02/12/14,West Brom,West Ham,1.0,2.0,A,1.0,2.0,A,M Jones,23.0,11.0,5.0,6.0,11.0,17.0,7.0,3.0,2.0,1.0,0.0,0.0
136,E0,03/12/14,Arsenal,Southampton,1.0,0.0,H,0.0,0.0,D,A Marriner,19.0,6.0,8.0,1.0,7.0,14.0,9.0,4.0,0.0,2.0,0.0,0.0
137,E0,03/12/14,Chelsea,Tottenham,3.0,0.0,H,2.0,0.0,H,M Dean,12.0,10.0,8.0,2.0,9.0,9.0,1.0,6.0,1.0,1.0,0.0,0.0
138,E0,03/12/14,Everton,Hull,1.0,1.0,D,1.0,0.0,H,R Madley,13.0,8.0,5.0,1.0,8.0,12.0,6.0,4.0,1.0,1.0,0.0,0.0
139,E0,03/12/14,Sunderland,Man City,1.0,4.0,A,1.0,2.0,A,C Pawson,8.0,15.0,2.0,4.0,9.0,8.0,2.0,0.0,1.0,1.0,0.0,0.0
140,E0,06/12/14,Hull,West Brom,0.0,0.0,D,0.0,0.0,D,M Oliver,12.0,6.0,2.0,3.0,10.0,16.0,3.0,2.0,1.0,1.0,0.0,0.0
141,E0,06/12/14,Liverpool,Sunderland,0.0,0.0,D,0.0,0.0,D,N Swarbrick,15.0,7.0,2.0,1.0,12.0,15.0,5.0,7.0,1.0,3.0,0.0,0.0
142,E0,06/12/14,Man City,Everton,1.0,0.0,H,1.0,0.0,H,A Marriner,19.0,9.0,3.0,2.0,8.0,11.0,11.0,7.0,3.0,3.0,0.0,0.0
143,E0,06/12/14,Newcastle,Chelsea,2.0,1.0,H,0.0,0.0,D,M Atkinson,9.0,26.0,3.0,8.0,8.0,6.0,1.0,10.0,2.0,3.0,1.0,0.0
144,E0,06/12/14,QPR,Burnley,2.0,0.0,H,0.0,0.0,D,J Moss,11.0,15.0,6.0,3.0,12.0,12.0,3.0,11.0,1.0,1.0,1.0,0.0
145,E0,06/12/14,Stoke,Arsenal,3.0,2.0,H,3.0,0.0,H,A Taylor,13.0,15.0,4.0,6.0,17.0,14.0,3.0,9.0,3.0,2.0,0.0,1.0
146,E0,06/12/14,Tottenham,Crystal Palace,0.0,0.0,D,0.0,0.0,D,L Mason,14.0,16.0,3.0,4.0,11.0,10.0,2.0,12.0,1.0,0.0,0.0,0.0
147,E0,07/12/14,Aston Villa,Leicester,2.0,1.0,H,1.0,1.0,D,C Pawson,16.0,10.0,7.0,4.0,9.0,14.0,5.0,5.0,4.0,4.0,0.0,1.0
148,E0,07/12/14,West Ham,Swansea,3.0,1.0,H,1.0,1.0,D,C Foy,15.0,11.0,7.0,2.0,11.0,18.0,7.0,4.0,0.0,1.0,0.0,1.0
149,E0,08/12/14,Southampton,Man United,1.0,2.0,A,1.0,1.0,D,K Friend,15.0,3.0,4.0,2.0,12.0,9.0,5.0,1.0,2.0,1.0,0.0,0.0
150,E0,13/12/14,Arsenal,Newcastle,4.0,1.0,H,1.0,0.0,H,L Mason,17.0,10.0,4.0,4.0,14.0,15.0,9.0,6.0,2.0,2.0,0.0,0.0
151,E0,13/12/14,Burnley,Southampton,1.0,0.0,H,0.0,0.0,D,M Clattenburg,7.0,15.0,2.0,4.0,15.0,11.0,2.0,5.0,1.0,3.0,0.0,0.0
152,E0,13/12/14,Chelsea,Hull,2.0,0.0,H,1.0,0.0,H,C Foy,12.0,8.0,3.0,0.0,13.0,13.0,5.0,4.0,3.0,3.0,0.0,1.0
153,E0,13/12/14,Crystal Palace,Stoke,1.0,1.0,D,1.0,1.0,D,K Friend,10.0,7.0,3.0,3.0,12.0,11.0,9.0,8.0,2.0,0.0,0.0,0.0
154,E0,13/12/14,Leicester,Man City,0.0,1.0,A,0.0,1.0,A,J Moss,7.0,9.0,1.0,4.0,15.0,13.0,8.0,2.0,0.0,2.0,0.0,0.0
155,E0,13/12/14,Sunderland,West Ham,1.0,1.0,D,1.0,1.0,D,P Dowd,13.0,19.0,4.0,8.0,11.0,18.0,6.0,8.0,2.0,2.0,0.0,0.0
156,E0,13/12/14,West Brom,Aston Villa,1.0,0.0,H,0.0,0.0,D,M Dean,13.0,7.0,5.0,2.0,17.0,12.0,4.0,2.0,4.0,2.0,0.0,1.0
157,E0,14/12/14,Man United,Liverpool,3.0,0.0,H,2.0,0.0,H,M Atkinson,11.0,19.0,6.0,9.0,13.0,14.0,2.0,7.0,4.0,3.0,0.0,0.0
158,E0,14/12/14,Swansea,Tottenham,1.0,2.0,A,0.0,1.0,A,R Madley,15.0,10.0,3.0,4.0,7.0,17.0,7.0,9.0,3.0,4.0,0.0,0.0
159,E0,15/12/14,Everton,QPR,3.0,1.0,H,2.0,0.0,H,N Swarbrick,13.0,17.0,5.0,4.0,11.0,12.0,1.0,8.0,1.0,1.0,0.0,0.0
160,E0,20/12/14,Aston Villa,Man United,1.0,1.0,D,1.0,0.0,H,L Mason,10.0,16.0,4.0,9.0,9.0,10.0,3.0,9.0,1.0,1.0,1.0,0.0
161,E0,20/12/14,Hull,Swansea,0.0,1.0,A,0.0,1.0,A,M Clattenburg,11.0,13.0,3.0,3.0,14.0,16.0,4.0,5.0,2.0,2.0,0.0,0.0
162,E0,20/12/14,Man City,Crystal Palace,3.0,0.0,H,0.0,0.0,D,P Dowd,15.0,6.0,3.0,1.0,17.0,5.0,8.0,6.0,2.0,1.0,0.0,0.0
163,E0,20/12/14,QPR,West Brom,3.0,2.0,H,1.0,2.0,A,C Pawson,17.0,16.0,7.0,6.0,16.0,8.0,5.0,11.0,1.0,0.0,0.0,0.0
164,E0,20/12/14,Southampton,Everton,3.0,0.0,H,1.0,0.0,H,J Moss,11.0,13.0,3.0,4.0,11.0,10.0,4.0,6.0,1.0,1.0,0.0,0.0
165,E0,20/12/14,Tottenham,Burnley,2.0,1.0,H,2.0,1.0,H,M Jones,23.0,9.0,6.0,5.0,9.0,8.0,9.0,6.0,1.0,0.0,0.0,0.0
166,E0,20/12/14,West Ham,Leicester,2.0,0.0,H,1.0,0.0,H,M Atkinson,10.0,10.0,2.0,4.0,8.0,17.0,9.0,4.0,0.0,3.0,0.0,0.0
167,E0,21/12/14,Liverpool,Arsenal,2.0,2.0,D,1.0,1.0,D,M Oliver,27.0,7.0,10.0,3.0,6.0,14.0,10.0,6.0,0.0,3.0,1.0,0.0
168,E0,21/12/14,Newcastle,Sunderland,0.0,1.0,A,0.0,0.0,D,A Taylor,15.0,16.0,7.0,3.0,15.0,15.0,7.0,1.0,4.0,4.0,0.0,0.0
169,E0,22/12/14,Stoke,Chelsea,0.0,2.0,A,0.0,1.0,A,N Swarbrick,13.0,15.0,2.0,6.0,11.0,4.0,6.0,5.0,3.0,0.0,0.0,0.0
170,E0,26/12/14,Arsenal,QPR,2.0,1.0,H,1.0,0.0,H,M Atkinson,15.0,16.0,5.0,2.0,6.0,15.0,6.0,2.0,1.0,4.0,1.0,0.0
171,E0,26/12/14,Burnley,Liverpool,0.0,1.0,A,0.0,0.0,D,A Taylor,16.0,10.0,0.0,3.0,7.0,5.0,8.0,2.0,0.0,1.0,0.0,0.0
172,E0,26/12/14,Chelsea,West Ham,2.0,0.0,H,1.0,0.0,H,M Oliver,28.0,6.0,9.0,0.0,8.0,14.0,8.0,6.0,0.0,3.0,0.0,0.0
173,E0,26/12/14,Crystal Palace,Southampton,1.0,3.0,A,0.0,1.0,A,M Dean,11.0,13.0,4.0,6.0,15.0,10.0,8.0,4.0,1.0,0.0,0.0,0.0
174,E0,26/12/14,Everton,Stoke,0.0,1.0,A,0.0,1.0,A,L Mason,16.0,12.0,5.0,2.0,9.0,15.0,9.0,3.0,2.0,3.0,0.0,0.0
175,E0,26/12/14,Leicester,Tottenham,1.0,2.0,A,0.0,1.0,A,N Swarbrick,22.0,8.0,6.0,3.0,10.0,14.0,11.0,1.0,1.0,2.0,0.0,0.0
176,E0,26/12/14,Man United,Newcastle,3.0,1.0,H,2.0,0.0,H,M Jones,9.0,8.0,4.0,4.0,16.0,9.0,4.0,5.0,1.0,2.0,0.0,0.0
177,E0,26/12/14,Sunderland,Hull,1.0,3.0,A,1.0,1.0,D,A Marriner,12.0,13.0,3.0,5.0,12.0,6.0,10.0,4.0,4.0,2.0,0.0,0.0
178,E0,26/12/14,Swansea,Aston Villa,1.0,0.0,H,1.0,0.0,H,R East,7.0,11.0,2.0,3.0,17.0,12.0,4.0,0.0,1.0,4.0,0.0,0.0
179,E0,26/12/14,West Brom,Man City,1.0,3.0,A,0.0,3.0,A,M Clattenburg,18.0,9.0,6.0,5.0,5.0,9.0,10.0,6.0,0.0,1.0,0.0,0.0
180,E0,28/12/14,Aston Villa,Sunderland,0.0,0.0,D,0.0,0.0,D,M Atkinson,14.0,15.0,3.0,3.0,4.0,11.0,4.0,4.0,1.0,4.0,1.0,0.0
181,E0,28/12/14,Hull,Leicester,0.0,1.0,A,0.0,1.0,A,P Dowd,18.0,4.0,5.0,2.0,12.0,12.0,7.0,1.0,0.0,1.0,1.0,1.0
182,E0,28/12/14,Man City,Burnley,2.0,2.0,D,2.0,0.0,H,K Friend,17.0,12.0,6.0,3.0,18.0,9.0,10.0,3.0,4.0,1.0,0.0,0.0
183,E0,28/12/14,Newcastle,Everton,3.0,2.0,H,1.0,1.0,D,C Pawson,13.0,9.0,6.0,2.0,13.0,8.0,8.0,3.0,2.0,2.0,0.0,0.0
184,E0,28/12/14,QPR,Crystal Palace,0.0,0.0,D,0.0,0.0,D,M Jones,11.0,10.0,3.0,3.0,11.0,17.0,9.0,4.0,2.0,1.0,0.0,0.0
185,E0,28/12/14,Southampton,Chelsea,1.0,1.0,D,1.0,1.0,D,A Taylor,9.0,7.0,1.0,1.0,23.0,14.0,4.0,6.0,2.0,2.0,1.0,0.0
186,E0,28/12/14,Stoke,West Brom,2.0,0.0,H,0.0,0.0,D,R East,13.0,15.0,3.0,4.0,11.0,14.0,5.0,3.0,0.0,2.0,0.0,0.0
187,E0,28/12/14,Tottenham,Man United,0.0,0.0,D,0.0,0.0,D,J Moss,9.0,9.0,4.0,5.0,11.0,19.0,3.0,6.0,2.0,4.0,0.0,0.0
188,E0,28/12/14,West Ham,Arsenal,1.0,2.0,A,0.0,2.0,A,N Swarbrick,14.0,21.0,4.0,7.0,12.0,13.0,7.0,8.0,3.0,3.0,0.0,0.0
189,E0,29/12/14,Liverpool,Swansea,4.0,1.0,H,1.0,0.0,H,A Marriner,21.0,11.0,11.0,4.0,8.0,5.0,6.0,3.0,1.0,0.0,0.0,0.0
190,E0,01/01/15,Aston Villa,Crystal Palace,0.0,0.0,D,0.0,0.0,D,R Madley,14.0,6.0,3.0,0.0,11.0,12.0,5.0,2.0,1.0,1.0,0.0,0.0
191,E0,01/01/15,Hull,Everton,2.0,0.0,H,2.0,0.0,H,K Friend,14.0,9.0,5.0,3.0,16.0,15.0,4.0,8.0,2.0,3.0,0.0,1.0
192,E0,01/01/15,Liverpool,Leicester,2.0,2.0,D,2.0,0.0,H,M Jones,18.0,16.0,6.0,3.0,13.0,10.0,4.0,5.0,2.0,2.0,0.0,0.0
193,E0,01/01/15,Man City,Sunderland,3.0,2.0,H,0.0,0.0,D,R East,32.0,4.0,12.0,4.0,14.0,7.0,10.0,4.0,2.0,3.0,0.0,0.0
194,E0,01/01/15,Newcastle,Burnley,3.0,3.0,D,2.0,1.0,H,M Dean,10.0,15.0,4.0,4.0,12.0,13.0,5.0,5.0,2.0,4.0,0.0,0.0
195,E0,01/01/15,QPR,Swansea,1.0,1.0,D,1.0,0.0,H,A Taylor,24.0,25.0,6.0,6.0,22.0,5.0,4.0,9.0,4.0,0.0,0.0,1.0
196,E0,01/01/15,Southampton,Arsenal,2.0,0.0,H,1.0,0.0,H,C Pawson,13.0,11.0,6.0,6.0,14.0,7.0,2.0,7.0,2.0,1.0,0.0,0.0
197,E0,01/01/15,Stoke,Man United,1.0,1.0,D,1.0,1.0,D,M Oliver,11.0,6.0,2.0,2.0,8.0,12.0,11.0,7.0,0.0,0.0,0.0,0.0
198,E0,01/01/15,Tottenham,Chelsea,5.0,3.0,H,3.0,1.0,H,P Dowd,11.0,19.0,8.0,7.0,14.0,10.0,5.0,3.0,3.0,1.0,0.0,0.0
199,E0,01/01/15,West Ham,West Brom,1.0,1.0,D,1.0,1.0,D,J Moss,8.0,14.0,3.0,3.0,6.0,13.0,0.0,1.0,1.0,0.0,0.0,0.0
200,E0,10/01/15,Burnley,QPR,2.0,1.0,H,2.0,1.0,H,A Marriner,18.0,17.0,7.0,7.0,14.0,9.0,10.0,6.0,2.0,2.0,0.0,0.0
201,E0,10/01/15,Chelsea,Newcastle,2.0,0.0,H,1.0,0.0,H,R East,9.0,11.0,5.0,5.0,13.0,13.0,7.0,4.0,2.0,3.0,0.0,0.0
202,E0,10/01/15,Crystal Palace,Tottenham,2.0,1.0,H,0.0,0.0,D,A Taylor,21.0,9.0,7.0,5.0,9.0,14.0,4.0,6.0,5.0,3.0,0.0,0.0
203,E0,10/01/15,Everton,Man City,1.0,1.0,D,0.0,0.0,D,M Atkinson,11.0,18.0,4.0,2.0,9.0,10.0,4.0,9.0,1.0,2.0,0.0,0.0
204,E0,10/01/15,Leicester,Aston Villa,1.0,0.0,H,1.0,0.0,H,M Oliver,11.0,12.0,3.0,1.0,18.0,6.0,6.0,6.0,1.0,1.0,1.0,1.0
205,E0,10/01/15,Sunderland,Liverpool,0.0,1.0,A,0.0,1.0,A,C Pawson,5.0,21.0,1.0,4.0,12.0,11.0,6.0,6.0,1.0,4.0,1.0,0.0
206,E0,10/01/15,Swansea,West Ham,1.0,1.0,D,0.0,1.0,A,M Dean,19.0,11.0,3.0,5.0,9.0,7.0,4.0,5.0,0.0,1.0,0.0,0.0
207,E0,10/01/15,West Brom,Hull,1.0,0.0,H,0.0,0.0,D,N Swarbrick,9.0,12.0,3.0,2.0,5.0,13.0,5.0,2.0,1.0,0.0,0.0,0.0
208,E0,11/01/15,Arsenal,Stoke,3.0,0.0,H,2.0,0.0,H,J Moss,14.0,7.0,6.0,2.0,11.0,11.0,9.0,1.0,0.0,3.0,0.0,0.0
209,E0,11/01/15,Man United,Southampton,0.0,1.0,A,0.0,0.0,D,P Dowd,10.0,9.0,0.0,1.0,9.0,10.0,3.0,5.0,2.0,3.0,0.0,0.0
210,E0,17/01/15,Aston Villa,Liverpool,0.0,2.0,A,0.0,1.0,A,M Clattenburg,15.0,12.0,4.0,5.0,13.0,11.0,9.0,5.0,1.0,1.0,0.0,0.0
211,E0,17/01/15,Burnley,Crystal Palace,2.0,3.0,A,2.0,1.0,H,P Dowd,7.0,11.0,4.0,4.0,10.0,20.0,5.0,7.0,1.0,3.0,0.0,0.0
212,E0,17/01/15,Leicester,Stoke,0.0,1.0,A,0.0,0.0,D,A Marriner,7.0,13.0,3.0,3.0,9.0,6.0,6.0,5.0,1.0,0.0,0.0,0.0
213,E0,17/01/15,Newcastle,Southampton,1.0,2.0,A,1.0,1.0,D,R Madley,16.0,5.0,3.0,3.0,9.0,8.0,9.0,0.0,0.0,2.0,0.0,0.0
214,E0,17/01/15,QPR,Man United,0.0,2.0,A,0.0,0.0,D,N Swarbrick,18.0,12.0,4.0,7.0,12.0,10.0,3.0,3.0,3.0,2.0,0.0,0.0
215,E0,17/01/15,Swansea,Chelsea,0.0,5.0,A,0.0,4.0,A,J Moss,11.0,21.0,0.0,11.0,9.0,13.0,1.0,2.0,0.0,0.0,0.0,0.0
216,E0,17/01/15,Tottenham,Sunderland,2.0,1.0,H,1.0,1.0,D,C Foy,25.0,8.0,8.0,4.0,14.0,8.0,6.0,6.0,1.0,2.0,0.0,0.0
217,E0,18/01/15,Man City,Arsenal,0.0,2.0,A,0.0,1.0,A,M Dean,12.0,9.0,4.0,3.0,12.0,5.0,16.0,3.0,3.0,3.0,0.0,0.0
218,E0,18/01/15,West Ham,Hull,3.0,0.0,H,0.0,0.0,D,M Atkinson,17.0,9.0,6.0,3.0,5.0,14.0,4.0,7.0,1.0,3.0,0.0,0.0
219,E0,19/01/15,Everton,West Brom,0.0,0.0,D,0.0,0.0,D,M Oliver,17.0,5.0,4.0,0.0,11.0,12.0,8.0,1.0,3.0,2.0,0.0,0.0
220,E0,31/01/15,Chelsea,Man City,1.0,1.0,D,1.0,1.0,D,M Clattenburg,3.0,10.0,2.0,5.0,12.0,14.0,1.0,4.0,0.0,2.0,0.0,0.0
221,E0,31/01/15,Crystal Palace,Everton,0.0,1.0,A,0.0,1.0,A,R East,13.0,14.0,3.0,2.0,12.0,14.0,6.0,1.0,0.0,3.0,0.0,0.0
222,E0,31/01/15,Hull,Newcastle,0.0,3.0,A,0.0,1.0,A,P Dowd,13.0,12.0,8.0,5.0,15.0,13.0,3.0,3.0,4.0,1.0,0.0,0.0
223,E0,31/01/15,Liverpool,West Ham,2.0,0.0,H,0.0,0.0,D,A Marriner,21.0,7.0,7.0,2.0,12.0,12.0,5.0,7.0,1.0,1.0,0.0,0.0
224,E0,31/01/15,Man United,Leicester,3.0,1.0,H,3.0,0.0,H,M Atkinson,12.0,4.0,5.0,1.0,8.0,12.0,4.0,3.0,0.0,1.0,0.0,0.0
225,E0,31/01/15,Stoke,QPR,3.0,1.0,H,2.0,1.0,H,M Dean,15.0,14.0,3.0,4.0,11.0,12.0,3.0,5.0,2.0,2.0,0.0,0.0
226,E0,31/01/15,Sunderland,Burnley,2.0,0.0,H,2.0,0.0,H,L Mason,8.0,13.0,3.0,4.0,12.0,12.0,6.0,3.0,3.0,1.0,0.0,0.0
227,E0,31/01/15,West Brom,Tottenham,0.0,3.0,A,0.0,2.0,A,K Friend,13.0,14.0,4.0,4.0,8.0,13.0,6.0,3.0,2.0,1.0,0.0,0.0
228,E0,01/02/15,Arsenal,Aston Villa,5.0,0.0,H,1.0,0.0,H,A Taylor,13.0,9.0,8.0,2.0,6.0,10.0,7.0,7.0,0.0,2.0,0.0,0.0
229,E0,01/02/15,Southampton,Swansea,0.0,1.0,A,0.0,0.0,D,M Oliver,15.0,6.0,6.0,1.0,11.0,9.0,9.0,0.0,1.0,1.0,1.0,0.0
230,E0,07/02/15,Aston Villa,Chelsea,1.0,2.0,A,0.0,1.0,A,N Swarbrick,8.0,12.0,1.0,5.0,8.0,7.0,7.0,7.0,3.0,2.0,0.0,0.0
231,E0,07/02/15,Everton,Liverpool,0.0,0.0,D,0.0,0.0,D,A Taylor,6.0,17.0,1.0,6.0,11.0,7.0,3.0,6.0,4.0,1.0,0.0,0.0
232,E0,07/02/15,Leicester,Crystal Palace,0.0,1.0,A,0.0,0.0,D,L Mason,19.0,14.0,5.0,2.0,15.0,6.0,8.0,6.0,4.0,1.0,0.0,0.0
233,E0,07/02/15,Man City,Hull,1.0,1.0,D,0.0,1.0,A,J Moss,18.0,7.0,5.0,3.0,9.0,8.0,13.0,1.0,2.0,4.0,0.0,0.0
234,E0,07/02/15,QPR,Southampton,0.0,1.0,A,0.0,0.0,D,R East,12.0,16.0,3.0,5.0,13.0,16.0,3.0,4.0,2.0,2.0,0.0,0.0
235,E0,07/02/15,Swansea,Sunderland,1.0,1.0,D,0.0,1.0,A,P Dowd,16.0,4.0,7.0,1.0,11.0,13.0,7.0,1.0,3.0,4.0,0.0,0.0
236,E0,07/02/15,Tottenham,Arsenal,2.0,1.0,H,0.0,1.0,A,M Atkinson,23.0,7.0,8.0,3.0,8.0,12.0,10.0,3.0,3.0,5.0,0.0,0.0
237,E0,08/02/15,Burnley,West Brom,2.0,2.0,D,2.0,1.0,H,M Dean,12.0,12.0,5.0,5.0,10.0,15.0,5.0,6.0,0.0,4.0,0.0,0.0
238,E0,08/02/15,Newcastle,Stoke,1.0,1.0,D,0.0,0.0,D,K Friend,9.0,7.0,3.0,3.0,14.0,17.0,5.0,8.0,2.0,4.0,0.0,0.0
239,E0,08/02/15,West Ham,Man United,1.0,1.0,D,0.0,0.0,D,M Clattenburg,13.0,18.0,6.0,6.0,7.0,13.0,9.0,9.0,2.0,2.0,0.0,1.0
240,E0,10/02/15,Arsenal,Leicester,2.0,1.0,H,2.0,0.0,H,M Jones,17.0,11.0,7.0,4.0,13.0,14.0,6.0,6.0,2.0,2.0,0.0,0.0
241,E0,10/02/15,Hull,Aston Villa,2.0,0.0,H,1.0,0.0,H,M Oliver,10.0,11.0,4.0,4.0,16.0,11.0,3.0,7.0,1.0,2.0,0.0,0.0
242,E0,10/02/15,Liverpool,Tottenham,3.0,2.0,H,1.0,1.0,D,P Dowd,16.0,14.0,7.0,5.0,13.0,17.0,5.0,7.0,3.0,6.0,0.0,0.0
243,E0,10/02/15,Sunderland,QPR,0.0,2.0,A,0.0,2.0,A,M Atkinson,16.0,19.0,5.0,4.0,8.0,12.0,8.0,4.0,2.0,3.0,0.0,0.0
244,E0,11/02/15,Chelsea,Everton,1.0,0.0,H,0.0,0.0,D,J Moss,21.0,7.0,7.0,4.0,8.0,13.0,10.0,2.0,3.0,3.0,0.0,1.0
245,E0,11/02/15,Crystal Palace,Newcastle,1.0,1.0,D,0.0,1.0,A,A Marriner,7.0,5.0,3.0,1.0,10.0,11.0,5.0,2.0,1.0,2.0,0.0,0.0
246,E0,11/02/15,Man United,Burnley,3.0,1.0,H,2.0,1.0,H,K Friend,11.0,13.0,7.0,3.0,15.0,8.0,5.0,8.0,4.0,3.0,0.0,0.0
247,E0,11/02/15,Southampton,West Ham,0.0,0.0,D,0.0,0.0,D,C Pawson,21.0,4.0,7.0,1.0,12.0,11.0,8.0,2.0,2.0,1.0,0.0,1.0
248,E0,11/02/15,Stoke,Man City,1.0,4.0,A,1.0,1.0,D,L Mason,17.0,14.0,5.0,8.0,6.0,11.0,3.0,2.0,1.0,2.0,0.0,0.0
249,E0,11/02/15,West Brom,Swansea,2.0,0.0,H,0.0,0.0,D,R Madley,11.0,10.0,4.0,3.0,11.0,12.0,5.0,4.0,2.0,1.0,0.0,0.0
250,E0,21/02/15,Aston Villa,Stoke,1.0,2.0,A,1.0,1.0,D,R East,3.0,11.0,2.0,6.0,11.0,14.0,11.0,3.0,1.0,3.0,1.0,0.0
251,E0,21/02/15,Chelsea,Burnley,1.0,1.0,D,1.0,0.0,H,M Atkinson,14.0,10.0,5.0,5.0,9.0,9.0,7.0,7.0,1.0,2.0,1.0,0.0
252,E0,21/02/15,Crystal Palace,Arsenal,1.0,2.0,A,0.0,2.0,A,M Clattenburg,22.0,12.0,3.0,4.0,15.0,14.0,10.0,1.0,1.0,3.0,0.0,0.0
253,E0,21/02/15,Hull,QPR,2.0,1.0,H,1.0,1.0,D,A Taylor,16.0,8.0,6.0,3.0,18.0,16.0,5.0,7.0,0.0,4.0,0.0,1.0
254,E0,21/02/15,Man City,Newcastle,5.0,0.0,H,3.0,0.0,H,C Foy,16.0,8.0,9.0,1.0,9.0,8.0,7.0,3.0,3.0,2.0,0.0,0.0
255,E0,21/02/15,Sunderland,West Brom,0.0,0.0,D,0.0,0.0,D,M Jones,13.0,5.0,2.0,1.0,11.0,12.0,11.0,2.0,1.0,2.0,0.0,0.0
256,E0,21/02/15,Swansea,Man United,2.0,1.0,H,1.0,1.0,D,N Swarbrick,11.0,18.0,6.0,3.0,6.0,15.0,4.0,10.0,2.0,4.0,0.0,0.0
257,E0,22/02/15,Everton,Leicester,2.0,2.0,D,0.0,0.0,D,P Dowd,18.0,15.0,3.0,4.0,7.0,6.0,4.0,7.0,0.0,1.0,0.0,0.0
258,E0,22/02/15,Southampton,Liverpool,0.0,2.0,A,0.0,1.0,A,K Friend,13.0,6.0,5.0,4.0,11.0,14.0,6.0,1.0,2.0,3.0,0.0,0.0
259,E0,22/02/15,Tottenham,West Ham,2.0,2.0,D,0.0,1.0,A,J Moss,27.0,12.0,8.0,5.0,6.0,12.0,7.0,9.0,0.0,2.0,0.0,0.0
260,E0,28/02/15,Burnley,Swansea,0.0,1.0,A,0.0,0.0,D,J Moss,13.0,8.0,6.0,2.0,14.0,8.0,6.0,4.0,0.0,0.0,0.0,0.0
261,E0,28/02/15,Man United,Sunderland,2.0,0.0,H,0.0,0.0,D,R East,30.0,5.0,10.0,3.0,6.0,11.0,13.0,1.0,1.0,1.0,0.0,1.0
262,E0,28/02/15,Newcastle,Aston Villa,1.0,0.0,H,1.0,0.0,H,L Mason,14.0,13.0,5.0,3.0,6.0,16.0,9.0,5.0,1.0,5.0,0.0,0.0
263,E0,28/02/15,Stoke,Hull,1.0,0.0,H,0.0,0.0,D,N Swarbrick,17.0,1.0,2.0,0.0,9.0,10.0,5.0,2.0,2.0,2.0,0.0,0.0
264,E0,28/02/15,West Brom,Southampton,1.0,0.0,H,1.0,0.0,H,P Dowd,7.0,12.0,3.0,2.0,10.0,17.0,2.0,3.0,2.0,1.0,0.0,0.0
265,E0,28/02/15,West Ham,Crystal Palace,1.0,3.0,A,0.0,1.0,A,M Dean,22.0,12.0,5.0,5.0,12.0,19.0,11.0,7.0,2.0,2.0,0.0,1.0
266,E0,01/03/15,Arsenal,Everton,2.0,0.0,H,1.0,0.0,H,A Marriner,17.0,8.0,4.0,2.0,12.0,5.0,8.0,9.0,2.0,0.0,0.0,0.0
267,E0,01/03/15,Liverpool,Man City,2.0,1.0,H,1.0,1.0,D,M Clattenburg,11.0,8.0,5.0,1.0,8.0,16.0,3.0,0.0,1.0,3.0,0.0,0.0
268,E0,03/03/15,Aston Villa,West Brom,2.0,1.0,H,1.0,0.0,H,J Moss,16.0,3.0,8.0,1.0,15.0,13.0,0.0,3.0,2.0,4.0,0.0,0.0
269,E0,03/03/15,Hull,Sunderland,1.0,1.0,D,1.0,0.0,H,M Dean,15.0,9.0,5.0,3.0,9.0,15.0,6.0,4.0,2.0,6.0,0.0,0.0
270,E0,03/03/15,Southampton,Crystal Palace,1.0,0.0,H,0.0,0.0,D,M Atkinson,23.0,9.0,3.0,3.0,11.0,10.0,10.0,2.0,0.0,2.0,0.0,0.0
271,E0,04/03/15,Liverpool,Burnley,2.0,0.0,H,1.0,0.0,H,L Mason,20.0,9.0,8.0,1.0,8.0,14.0,6.0,5.0,0.0,1.0,0.0,0.0
272,E0,04/03/15,Man City,Leicester,2.0,0.0,H,1.0,0.0,H,R Madley,22.0,6.0,9.0,2.0,11.0,3.0,10.0,3.0,0.0,1.0,0.0,0.0
273,E0,04/03/15,Newcastle,Man United,0.0,1.0,A,0.0,0.0,D,A Taylor,9.0,11.0,2.0,5.0,6.0,14.0,4.0,1.0,1.0,2.0,0.0,0.0
274,E0,04/03/15,QPR,Arsenal,1.0,2.0,A,0.0,0.0,D,K Friend,10.0,20.0,3.0,9.0,10.0,8.0,1.0,6.0,2.0,1.0,0.0,0.0
275,E0,04/03/15,Stoke,Everton,2.0,0.0,H,1.0,0.0,H,M Clattenburg,11.0,10.0,3.0,5.0,11.0,14.0,5.0,6.0,2.0,2.0,0.0,0.0
276,E0,04/03/15,Tottenham,Swansea,3.0,2.0,H,1.0,1.0,D,M Oliver,20.0,10.0,7.0,5.0,14.0,7.0,6.0,4.0,1.0,0.0,0.0,0.0
277,E0,04/03/15,West Ham,Chelsea,0.0,1.0,A,0.0,1.0,A,A Marriner,18.0,12.0,5.0,3.0,10.0,10.0,5.0,4.0,3.0,4.0,0.0,0.0
278,E0,07/03/15,QPR,Tottenham,1.0,2.0,A,0.0,1.0,A,C Pawson,17.0,13.0,6.0,6.0,15.0,12.0,3.0,5.0,1.0,2.0,0.0,0.0
279,E0,14/03/15,Arsenal,West Ham,3.0,0.0,H,1.0,0.0,H,A Taylor,19.0,7.0,9.0,1.0,10.0,9.0,7.0,5.0,1.0,1.0,0.0,0.0
280,E0,14/03/15,Burnley,Man City,1.0,0.0,H,0.0,0.0,D,A Marriner,10.0,21.0,4.0,5.0,6.0,9.0,2.0,6.0,2.0,1.0,0.0,0.0
281,E0,14/03/15,Crystal Palace,QPR,3.0,1.0,H,3.0,0.0,H,L Mason,15.0,11.0,4.0,4.0,17.0,16.0,6.0,3.0,1.0,3.0,0.0,0.0
282,E0,14/03/15,Leicester,Hull,0.0,0.0,D,0.0,0.0,D,J Moss,15.0,12.0,3.0,5.0,10.0,15.0,7.0,5.0,0.0,4.0,0.0,1.0
283,E0,14/03/15,Sunderland,Aston Villa,0.0,4.0,A,0.0,4.0,A,N Swarbrick,12.0,14.0,2.0,8.0,10.0,9.0,2.0,5.0,1.0,1.0,0.0,0.0
284,E0,14/03/15,West Brom,Stoke,1.0,0.0,H,1.0,0.0,H,M Oliver,14.0,9.0,5.0,2.0,7.0,16.0,7.0,5.0,1.0,2.0,0.0,0.0
285,E0,15/03/15,Chelsea,Southampton,1.0,1.0,D,1.0,1.0,D,M Dean,22.0,12.0,7.0,5.0,10.0,11.0,9.0,2.0,3.0,3.0,0.0,0.0
286,E0,15/03/15,Everton,Newcastle,3.0,0.0,H,1.0,0.0,H,M Atkinson,15.0,12.0,9.0,4.0,11.0,9.0,3.0,4.0,1.0,2.0,0.0,1.0
287,E0,15/03/15,Man United,Tottenham,3.0,0.0,H,3.0,0.0,H,M Clattenburg,11.0,5.0,3.0,1.0,12.0,10.0,4.0,2.0,1.0,1.0,0.0,0.0
288,E0,16/03/15,Swansea,Liverpool,0.0,1.0,A,0.0,0.0,D,R East,10.0,16.0,3.0,5.0,13.0,16.0,4.0,5.0,0.0,3.0,0.0,0.0
289,E0,21/03/15,Aston Villa,Swansea,0.0,1.0,A,0.0,0.0,D,R Madley,12.0,9.0,3.0,6.0,13.0,9.0,4.0,9.0,0.0,0.0,0.0,0.0
290,E0,21/03/15,Man City,West Brom,3.0,0.0,H,2.0,0.0,H,N Swarbrick,43.0,3.0,16.0,0.0,6.0,5.0,9.0,2.0,0.0,0.0,0.0,1.0
291,E0,21/03/15,Newcastle,Arsenal,1.0,2.0,A,0.0,2.0,A,M Jones,16.0,7.0,4.0,3.0,11.0,7.0,9.0,4.0,0.0,0.0,0.0,0.0
292,E0,21/03/15,Southampton,Burnley,2.0,0.0,H,1.0,0.0,H,R East,20.0,15.0,3.0,3.0,10.0,7.0,10.0,5.0,0.0,0.0,0.0,0.0
293,E0,21/03/15,Stoke,Crystal Palace,1.0,2.0,A,1.0,2.0,A,A Marriner,17.0,12.0,4.0,3.0,15.0,14.0,8.0,4.0,3.0,4.0,0.0,0.0
294,E0,21/03/15,Tottenham,Leicester,4.0,3.0,H,2.0,1.0,H,M Dean,10.0,14.0,4.0,5.0,8.0,9.0,4.0,4.0,2.0,1.0,0.0,0.0
295,E0,21/03/15,West Ham,Sunderland,1.0,0.0,H,0.0,0.0,D,L Mason,15.0,7.0,4.0,3.0,14.0,11.0,6.0,4.0,0.0,1.0,0.0,0.0
296,E0,22/03/15,Hull,Chelsea,2.0,3.0,A,2.0,2.0,D,M Oliver,19.0,8.0,8.0,3.0,14.0,11.0,6.0,6.0,0.0,2.0,0.0,0.0
297,E0,22/03/15,Liverpool,Man United,1.0,2.0,A,0.0,1.0,A,M Atkinson,7.0,6.0,1.0,4.0,14.0,17.0,2.0,3.0,2.0,2.0,1.0,0.0
298,E0,22/03/15,QPR,Everton,1.0,2.0,A,0.0,1.0,A,J Moss,14.0,8.0,1.0,3.0,11.0,12.0,1.0,3.0,2.0,1.0,0.0,0.0
299,E0,04/04/15,Arsenal,Liverpool,4.0,1.0,H,3.0,0.0,H,A Taylor,16.0,13.0,10.0,2.0,7.0,9.0,6.0,5.0,1.0,0.0,0.0,1.0
300,E0,04/04/15,Chelsea,Stoke,2.0,1.0,H,1.0,1.0,D,J Moss,19.0,7.0,10.0,2.0,5.0,22.0,9.0,0.0,1.0,6.0,0.0,0.0
301,E0,04/04/15,Everton,Southampton,1.0,0.0,H,1.0,0.0,H,L Mason,11.0,11.0,1.0,2.0,12.0,17.0,4.0,10.0,0.0,1.0,0.0,0.0
302,E0,04/04/15,Leicester,West Ham,2.0,1.0,H,1.0,1.0,D,M Clattenburg,20.0,14.0,7.0,7.0,12.0,10.0,7.0,6.0,0.0,3.0,0.0,0.0
303,E0,04/04/15,Man United,Aston Villa,3.0,1.0,H,1.0,0.0,H,R East,19.0,4.0,7.0,2.0,15.0,12.0,10.0,2.0,0.0,1.0,0.0,0.0
304,E0,04/04/15,Swansea,Hull,3.0,1.0,H,2.0,0.0,H,A Marriner,9.0,10.0,4.0,1.0,11.0,14.0,4.0,7.0,1.0,5.0,0.0,1.0
305,E0,04/04/15,West Brom,QPR,1.0,4.0,A,0.0,3.0,A,L Probert,21.0,12.0,6.0,7.0,6.0,15.0,2.0,4.0,2.0,3.0,1.0,0.0
306,E0,05/04/15,Burnley,Tottenham,0.0,0.0,D,0.0,0.0,D,M Atkinson,15.0,12.0,4.0,2.0,9.0,5.0,5.0,3.0,2.0,0.0,0.0,0.0
307,E0,05/04/15,Sunderland,Newcastle,1.0,0.0,H,1.0,0.0,H,M Dean,16.0,10.0,4.0,1.0,14.0,18.0,8.0,4.0,5.0,2.0,0.0,0.0
308,E0,06/04/15,Crystal Palace,Man City,2.0,1.0,H,1.0,0.0,H,M Oliver,5.0,22.0,3.0,4.0,11.0,11.0,4.0,13.0,2.0,1.0,0.0,0.0
309,E0,07/04/15,Aston Villa,QPR,3.0,3.0,D,2.0,1.0,H,C Pawson,21.0,11.0,7.0,5.0,8.0,12.0,7.0,3.0,0.0,4.0,0.0,0.0
310,E0,11/04/15,Burnley,Arsenal,0.0,1.0,A,0.0,1.0,A,M Dean,8.0,17.0,4.0,5.0,15.0,7.0,1.0,6.0,2.0,0.0,0.0,0.0
311,E0,11/04/15,Southampton,Hull,2.0,0.0,H,0.0,0.0,D,K Friend,9.0,15.0,4.0,4.0,7.0,11.0,2.0,5.0,2.0,0.0,0.0,0.0
312,E0,11/04/15,Sunderland,Crystal Palace,1.0,4.0,A,0.0,0.0,D,A Taylor,12.0,14.0,3.0,5.0,15.0,17.0,8.0,4.0,2.0,2.0,0.0,0.0
313,E0,11/04/15,Swansea,Everton,1.0,1.0,D,0.0,1.0,A,M Oliver,11.0,12.0,3.0,8.0,18.0,12.0,3.0,6.0,3.0,3.0,0.0,0.0
314,E0,11/04/15,Tottenham,Aston Villa,0.0,1.0,A,0.0,1.0,A,L Probert,14.0,10.0,3.0,3.0,11.0,12.0,9.0,6.0,3.0,2.0,0.0,1.0
315,E0,11/04/15,West Brom,Leicester,2.0,3.0,A,2.0,1.0,H,M Atkinson,8.0,12.0,5.0,4.0,15.0,15.0,4.0,6.0,2.0,2.0,0.0,0.0
316,E0,11/04/15,West Ham,Stoke,1.0,1.0,D,1.0,0.0,H,R East,11.0,18.0,3.0,2.0,17.0,13.0,4.0,10.0,3.0,1.0,0.0,0.0
317,E0,12/04/15,Man United,Man City,4.0,2.0,H,2.0,1.0,H,M Clattenburg,11.0,10.0,7.0,3.0,9.0,16.0,1.0,5.0,0.0,3.0,0.0,0.0
318,E0,12/04/15,QPR,Chelsea,0.0,1.0,A,0.0,0.0,D,A Marriner,15.0,9.0,4.0,1.0,12.0,6.0,5.0,6.0,2.0,1.0,0.0,0.0
319,E0,13/04/15,Liverpool,Newcastle,2.0,0.0,H,1.0,0.0,H,L Mason,14.0,10.0,6.0,3.0,8.0,17.0,6.0,6.0,2.0,0.0,0.0,1.0
320,E0,18/04/15,Chelsea,Man United,1.0,0.0,H,1.0,0.0,H,M Dean,7.0,15.0,2.0,2.0,13.0,11.0,3.0,7.0,7.0,1.0,0.0,0.0
321,E0,18/04/15,Crystal Palace,West Brom,0.0,2.0,A,0.0,1.0,A,J Moss,19.0,8.0,4.0,4.0,17.0,17.0,7.0,6.0,3.0,3.0,0.0,0.0
322,E0,18/04/15,Everton,Burnley,1.0,0.0,H,1.0,0.0,H,M Jones,21.0,10.0,8.0,1.0,12.0,15.0,5.0,6.0,1.0,2.0,0.0,1.0
323,E0,18/04/15,Leicester,Swansea,2.0,0.0,H,1.0,0.0,H,L Probert,18.0,10.0,6.0,6.0,6.0,5.0,6.0,3.0,0.0,2.0,0.0,0.0
324,E0,18/04/15,Stoke,Southampton,2.0,1.0,H,0.0,1.0,A,M Clattenburg,15.0,12.0,2.0,6.0,17.0,17.0,2.0,5.0,0.0,4.0,0.0,0.0
325,E0,19/04/15,Man City,West Ham,2.0,0.0,H,2.0,0.0,H,A Taylor,18.0,9.0,3.0,3.0,10.0,6.0,6.0,3.0,2.0,2.0,0.0,0.0
326,E0,19/04/15,Newcastle,Tottenham,1.0,3.0,A,0.0,1.0,A,K Friend,11.0,14.0,5.0,8.0,11.0,13.0,4.0,3.0,2.0,4.0,0.0,0.0
327,E0,25/04/15,Burnley,Leicester,0.0,1.0,A,0.0,0.0,D,A Taylor,12.0,8.0,4.0,4.0,16.0,16.0,6.0,4.0,3.0,0.0,0.0,0.0
328,E0,25/04/15,Crystal Palace,Hull,0.0,2.0,A,0.0,0.0,D,M Clattenburg,7.0,21.0,3.0,7.0,15.0,10.0,0.0,9.0,0.0,0.0,0.0,0.0
329,E0,25/04/15,Man City,Aston Villa,3.0,2.0,H,1.0,0.0,H,M Dean,11.0,13.0,4.0,4.0,13.0,11.0,7.0,6.0,1.0,2.0,0.0,0.0
330,E0,25/04/15,Newcastle,Swansea,2.0,3.0,A,1.0,1.0,D,N Swarbrick,12.0,11.0,4.0,6.0,14.0,9.0,9.0,6.0,1.0,2.0,0.0,0.0
331,E0,25/04/15,QPR,West Ham,0.0,0.0,D,0.0,0.0,D,M Jones,18.0,8.0,7.0,2.0,14.0,12.0,6.0,6.0,1.0,0.0,0.0,0.0
332,E0,25/04/15,Southampton,Tottenham,2.0,2.0,D,1.0,1.0,D,J Moss,13.0,7.0,4.0,2.0,9.0,10.0,8.0,3.0,1.0,3.0,0.0,0.0
333,E0,25/04/15,Stoke,Sunderland,1.0,1.0,D,1.0,1.0,D,M Atkinson,23.0,15.0,8.0,5.0,14.0,15.0,9.0,8.0,2.0,3.0,0.0,0.0
334,E0,25/04/15,West Brom,Liverpool,0.0,0.0,D,0.0,0.0,D,R East,10.0,22.0,4.0,5.0,12.0,11.0,2.0,4.0,1.0,0.0,0.0,0.0
335,E0,26/04/15,Arsenal,Chelsea,0.0,0.0,D,0.0,0.0,D,M Oliver,12.0,7.0,1.0,3.0,17.0,11.0,6.0,2.0,4.0,3.0,0.0,0.0
336,E0,26/04/15,Everton,Man United,3.0,0.0,H,2.0,0.0,H,A Marriner,9.0,17.0,7.0,4.0,6.0,10.0,7.0,7.0,0.0,2.0,0.0,0.0
337,E0,28/04/15,Hull,Liverpool,1.0,0.0,H,1.0,0.0,H,L Probert,7.0,12.0,4.0,9.0,10.0,10.0,7.0,7.0,2.0,0.0,0.0,0.0
338,E0,29/04/15,Leicester,Chelsea,1.0,3.0,A,1.0,0.0,H,M Clattenburg,8.0,11.0,2.0,4.0,10.0,1.0,2.0,6.0,1.0,0.0,0.0,0.0
339,E0,02/05/15,Aston Villa,Everton,3.0,2.0,H,2.0,0.0,H,M Clattenburg,11.0,9.0,4.0,5.0,13.0,12.0,5.0,3.0,2.0,1.0,0.0,0.0
340,E0,02/05/15,Leicester,Newcastle,3.0,0.0,H,2.0,0.0,H,M Dean,19.0,12.0,7.0,3.0,10.0,13.0,10.0,7.0,1.0,2.0,0.0,2.0
341,E0,02/05/15,Liverpool,QPR,2.0,1.0,H,1.0,0.0,H,M Atkinson,25.0,10.0,8.0,2.0,9.0,18.0,9.0,6.0,2.0,3.0,0.0,1.0
342,E0,02/05/15,Man United,West Brom,0.0,1.0,A,0.0,0.0,D,A Taylor,26.0,6.0,9.0,3.0,10.0,11.0,9.0,3.0,1.0,0.0,0.0,0.0
343,E0,02/05/15,Sunderland,Southampton,2.0,1.0,H,1.0,1.0,D,M Jones,12.0,11.0,6.0,2.0,12.0,13.0,1.0,1.0,2.0,2.0,0.0,1.0
344,E0,02/05/15,Swansea,Stoke,2.0,0.0,H,0.0,0.0,D,C Pawson,16.0,9.0,4.0,3.0,9.0,18.0,6.0,2.0,1.0,2.0,0.0,1.0
345,E0,02/05/15,West Ham,Burnley,1.0,0.0,H,1.0,0.0,H,J Moss,29.0,8.0,7.0,2.0,11.0,7.0,13.0,3.0,3.0,2.0,0.0,1.0
346,E0,03/05/15,Chelsea,Crystal Palace,1.0,0.0,H,1.0,0.0,H,K Friend,17.0,8.0,7.0,1.0,12.0,13.0,3.0,6.0,2.0,2.0,0.0,0.0
347,E0,03/05/15,Tottenham,Man City,0.0,1.0,A,0.0,1.0,A,A Marriner,21.0,15.0,5.0,4.0,6.0,11.0,8.0,7.0,3.0,4.0,0.0,0.0
348,E0,04/05/15,Hull,Arsenal,1.0,3.0,A,0.0,3.0,A,L Mason,8.0,22.0,1.0,9.0,8.0,11.0,0.0,5.0,2.0,0.0,0.0,0.0
349,E0,09/05/15,Aston Villa,West Ham,1.0,0.0,H,1.0,0.0,H,L Mason,15.0,5.0,5.0,1.0,6.0,13.0,2.0,6.0,1.0,1.0,0.0,0.0
350,E0,09/05/15,Crystal Palace,Man United,1.0,2.0,A,0.0,1.0,A,M Oliver,13.0,13.0,4.0,4.0,13.0,12.0,7.0,6.0,0.0,1.0,0.0,0.0
351,E0,09/05/15,Everton,Sunderland,0.0,2.0,A,0.0,0.0,D,L Probert,22.0,10.0,4.0,3.0,10.0,9.0,15.0,1.0,2.0,3.0,0.0,0.0
352,E0,09/05/15,Hull,Burnley,0.0,1.0,A,0.0,0.0,D,M Atkinson,21.0,8.0,3.0,2.0,16.0,12.0,9.0,3.0,1.0,1.0,0.0,0.0
353,E0,09/05/15,Leicester,Southampton,2.0,0.0,H,2.0,0.0,H,R East,10.0,10.0,3.0,3.0,12.0,10.0,4.0,8.0,1.0,0.0,0.0,0.0
354,E0,09/05/15,Newcastle,West Brom,1.0,1.0,D,1.0,1.0,D,C Foy,15.0,8.0,5.0,3.0,11.0,17.0,7.0,2.0,2.0,3.0,0.0,0.0
355,E0,09/05/15,Stoke,Tottenham,3.0,0.0,H,2.0,0.0,H,M Clattenburg,17.0,9.0,9.0,3.0,14.0,12.0,6.0,8.0,0.0,0.0,0.0,1.0
356,E0,10/05/15,Chelsea,Liverpool,1.0,1.0,D,1.0,1.0,D,A Marriner,8.0,15.0,3.0,4.0,13.0,11.0,6.0,4.0,4.0,3.0,0.0,0.0
357,E0,10/05/15,Man City,QPR,6.0,0.0,H,2.0,0.0,H,M Dean,23.0,9.0,11.0,3.0,12.0,7.0,7.0,4.0,0.0,1.0,0.0,0.0
358,E0,11/05/15,Arsenal,Swansea,0.0,1.0,A,0.0,0.0,D,K Friend,23.0,8.0,9.0,3.0,7.0,10.0,6.0,1.0,0.0,1.0,0.0,0.0
359,E0,16/05/15,Burnley,Stoke,0.0,0.0,D,0.0,0.0,D,M Oliver,11.0,11.0,4.0,3.0,14.0,9.0,7.0,6.0,1.0,2.0,0.0,0.0
360,E0,16/05/15,Liverpool,Crystal Palace,1.0,3.0,A,1.0,1.0,D,J Moss,18.0,15.0,3.0,6.0,10.0,17.0,4.0,5.0,2.0,3.0,0.0,0.0
361,E0,16/05/15,QPR,Newcastle,2.0,1.0,H,0.0,1.0,A,L Probert,8.0,22.0,4.0,8.0,12.0,8.0,3.0,12.0,2.0,0.0,0.0,0.0
362,E0,16/05/15,Southampton,Aston Villa,6.0,1.0,H,5.0,1.0,H,R Madley,18.0,9.0,11.0,4.0,19.0,7.0,6.0,3.0,1.0,1.0,0.0,0.0
363,E0,16/05/15,Sunderland,Leicester,0.0,0.0,D,0.0,0.0,D,M Atkinson,13.0,11.0,3.0,0.0,14.0,15.0,8.0,9.0,4.0,1.0,0.0,0.0
364,E0,16/05/15,Tottenham,Hull,2.0,0.0,H,0.0,0.0,D,A Taylor,10.0,14.0,3.0,2.0,10.0,6.0,6.0,8.0,3.0,1.0,0.0,0.0
365,E0,16/05/15,West Ham,Everton,1.0,2.0,A,0.0,0.0,D,K Friend,13.0,21.0,3.0,5.0,12.0,14.0,7.0,8.0,1.0,4.0,0.0,0.0
366,E0,17/05/15,Man United,Arsenal,1.0,1.0,D,1.0,0.0,H,M Dean,12.0,5.0,4.0,3.0,16.0,8.0,5.0,5.0,1.0,0.0,0.0,0.0
367,E0,17/05/15,Swansea,Man City,2.0,4.0,A,1.0,2.0,A,M Clattenburg,13.0,22.0,9.0,11.0,8.0,8.0,11.0,7.0,0.0,3.0,0.0,0.0
368,E0,18/05/15,West Brom,Chelsea,3.0,0.0,H,1.0,0.0,H,M Jones,9.0,12.0,5.0,3.0,12.0,11.0,3.0,4.0,3.0,2.0,0.0,1.0
369,E0,20/05/15,Arsenal,Sunderland,0.0,0.0,D,0.0,0.0,D,A Taylor,28.0,7.0,8.0,3.0,6.0,8.0,5.0,2.0,1.0,0.0,0.0,0.0
370,E0,24/05/15,Arsenal,West Brom,4.0,1.0,H,4.0,0.0,H,R Madley,24.0,14.0,13.0,5.0,6.0,7.0,7.0,3.0,1.0,0.0,0.0,0.0
371,E0,24/05/15,Aston Villa,Burnley,0.0,1.0,A,0.0,1.0,A,M Jones,16.0,6.0,5.0,3.0,9.0,6.0,7.0,2.0,1.0,2.0,0.0,0.0
372,E0,24/05/15,Chelsea,Sunderland,3.0,1.0,H,1.0,1.0,D,L Mason,24.0,17.0,8.0,9.0,12.0,8.0,11.0,3.0,2.0,1.0,0.0,0.0
373,E0,24/05/15,Crystal Palace,Swansea,1.0,0.0,H,0.0,0.0,D,C Pawson,13.0,5.0,7.0,2.0,22.0,13.0,7.0,3.0,3.0,0.0,0.0,0.0
374,E0,24/05/15,Everton,Tottenham,0.0,1.0,A,0.0,1.0,A,J Moss,9.0,16.0,1.0,3.0,12.0,8.0,3.0,5.0,1.0,2.0,0.0,0.0
375,E0,24/05/15,Hull,Man United,0.0,0.0,D,0.0,0.0,D,L Probert,16.0,7.0,6.0,1.0,12.0,15.0,8.0,1.0,2.0,2.0,0.0,1.0
376,E0,24/05/15,Leicester,QPR,5.0,1.0,H,2.0,0.0,H,M Oliver,22.0,18.0,7.0,2.0,7.0,6.0,5.0,6.0,0.0,0.0,0.0,0.0
377,E0,24/05/15,Man City,Southampton,2.0,0.0,H,1.0,0.0,H,C Foy,15.0,13.0,6.0,4.0,13.0,8.0,8.0,4.0,1.0,1.0,0.0,0.0
378,E0,24/05/15,Newcastle,West Ham,2.0,0.0,H,0.0,0.0,D,M Atkinson,17.0,4.0,4.0,1.0,9.0,9.0,2.0,3.0,2.0,1.0,0.0,0.0
379,E0,24/05/15,Stoke,Liverpool,6.0,1.0,H,5.0,0.0,H,A Taylor,15.0,13.0,9.0,4.0,13.0,4.0,3.0,9.0,4.0,2.0,0.0,0.0
380,,,,,,,,,,,,,,,,,,,,,,,
