,Div,Date,HomeTeam,AwayTeam,FTHG,FTAG,FTR,HTHG,HTAG,HTR,HS,AS,HST,AST,HF,AF,HC,AC,HY,AY,HR,AR
0,SP1,27/08/05,Alaves,Barcelona,0,0,D,0,0,D,5,17,0,10,17,19,3,7,0,1,0,0
1,SP1,27/08/05,Ath Bilbao,Sociedad,3,0,H,0,0,D,10,9,6,2,13,19,3,4,0,1,0,0
2,SP1,27/08/05,Valencia,Betis,1,0,H,0,0,D,9,14,2,3,18,14,8,5,2,3,0,0
3,SP1,28/08/05,Ath Madrid,Zaragoza,0,0,D,0,0,D,16,9,5,2,16,22,8,4,2,7,0,0
4,SP1,28/08/05,Cadiz,Real Madrid,1,2,A,0,1,A,15,17,5,6,19,25,8,8,2,2,0,0
5,SP1,28/08/05,Celta,Malaga,2,0,H,1,0,H,9,10,5,4,19,25,4,11,1,2,0,0
6,SP1,28/08/05,Espanol,Getafe,0,2,A,0,0,D,8,16,3,9,23,25,4,2,2,3,0,0
7,SP1,28/08/05,Mallorca,La Coruna,0,1,A,0,1,A,10,12,3,3,19,19,8,4,2,4,0,0
8,SP1,28/08/05,Osasuna,Villarreal,2,1,H,1,0,H,8,10,4,3,20,9,2,4,5,2,0,0
9,SP1,28/08/05,Sevilla,Santander,1,0,H,1,0,H,18,5,5,3,22,27,9,3,2,3,0,0
10,SP1,10/09/05,Betis,Osasuna,1,0,H,0,0,D,15,12,4,3,21,29,4,1,2,6,0,0
11,SP1,10/09/05,La Coruna,Ath Madrid,1,0,H,0,0,D,11,13,5,7,16,22,4,5,2,2,0,0
12,SP1,10/09/05,Real Madrid,Celta,2,3,A,2,2,D,26,14,5,5,20,18,6,4,3,1,0,0
13,SP1,11/09/05,Barcelona,Mallorca,2,0,H,2,0,H,23,6,7,0,13,20,7,3,2,2,0,2
14,SP1,11/09/05,Getafe,Ath Bilbao,1,1,D,1,1,D,11,6,4,2,14,19,6,3,2,1,1,0
15,SP1,11/09/05,Malaga,Espanol,1,2,A,0,0,D,16,6,6,5,16,18,4,4,2,4,0,0
16,SP1,11/09/05,Santander,Cadiz,0,1,A,0,0,D,8,8,2,5,17,12,4,9,1,1,0,0
17,SP1,11/09/05,Sociedad,Alaves,2,1,H,2,0,H,10,8,5,3,27,14,4,8,0,0,0,0
18,SP1,11/09/05,Villarreal,Sevilla,1,1,D,0,1,A,12,22,3,9,11,15,7,6,3,1,1,0
19,SP1,11/09/05,Zaragoza,Valencia,2,2,D,2,1,H,14,6,7,2,25,20,2,2,1,3,0,0
20,SP1,17/09/05,Mallorca,Sociedad,5,2,H,1,2,A,21,7,11,4,11,19,11,6,0,3,0,0
21,SP1,17/09/05,Valencia,La Coruna,2,2,D,0,1,A,17,11,6,5,22,13,7,3,3,3,1,1
22,SP1,18/09/05,Alaves,Getafe,3,4,A,2,3,A,16,11,5,6,20,25,2,9,2,5,0,0
23,SP1,18/09/05,Ath Bilbao,Malaga,1,2,A,0,0,D,14,9,6,4,16,14,1,2,2,3,0,0
24,SP1,18/09/05,Ath Madrid,Barcelona,2,1,H,1,1,D,16,18,6,4,22,17,5,7,2,2,1,0
25,SP1,18/09/05,Betis,Zaragoza,0,0,D,0,0,D,16,10,4,6,23,21,4,2,2,5,0,0
26,SP1,18/09/05,Cadiz,Villarreal,1,1,D,1,1,D,9,9,6,3,19,25,5,2,1,4,0,0
27,SP1,18/09/05,Celta,Santander,0,1,A,0,0,D,15,12,2,5,15,28,6,3,1,7,0,0
28,SP1,18/09/05,Espanol,Real Madrid,1,0,H,0,0,D,13,28,2,5,16,16,4,8,2,2,0,2
29,SP1,18/09/05,Osasuna,Sevilla,1,0,H,0,0,D,10,15,5,2,21,26,1,7,3,4,1,1
30,SP1,21/09/05,Barcelona,Valencia,2,2,D,1,0,H,10,5,5,4,30,25,7,0,3,2,0,0
31,SP1,21/09/05,Getafe,Mallorca,1,1,D,1,0,H,16,12,5,3,24,17,3,4,3,2,0,0
32,SP1,21/09/05,La Coruna,Betis,1,1,D,1,1,D,17,11,6,3,21,19,5,1,5,5,0,0
33,SP1,21/09/05,Malaga,Alaves,0,0,D,0,0,D,13,6,4,1,25,14,4,5,2,2,1,0
34,SP1,21/09/05,Santander,Espanol,1,0,H,0,0,D,13,11,7,3,19,19,7,4,3,5,0,1
35,SP1,21/09/05,Sevilla,Cadiz,0,0,D,0,0,D,25,3,4,1,20,17,14,6,3,6,0,0
36,SP1,21/09/05,Sociedad,Ath Madrid,3,2,H,0,2,A,21,14,9,6,16,25,7,4,2,3,0,0
37,SP1,21/09/05,Villarreal,Celta,1,2,A,0,1,A,14,11,4,5,17,16,3,5,1,2,0,0
38,SP1,21/09/05,Zaragoza,Osasuna,3,1,H,0,0,D,22,6,11,3,20,17,3,1,2,3,0,0
39,SP1,22/09/05,Real Madrid,Ath Bilbao,3,1,H,0,1,A,16,21,9,5,19,20,6,4,1,5,1,0
40,SP1,24/09/05,Ath Madrid,Getafe,0,1,A,0,0,D,12,12,4,4,21,27,8,2,3,4,0,1
41,SP1,24/09/05,Betis,Barcelona,1,4,A,1,1,D,9,23,5,10,19,17,1,7,4,2,1,0
42,SP1,24/09/05,Espanol,Villarreal,1,2,A,0,1,A,9,13,3,4,9,12,8,3,1,1,0,0
43,SP1,24/09/05,Valencia,Sociedad,2,1,H,1,0,H,11,11,8,4,20,12,5,8,2,1,0,0
44,SP1,24/09/05,Zaragoza,La Coruna,1,1,D,1,1,D,15,16,7,5,22,15,8,7,2,1,0,0
45,SP1,25/09/05,Alaves,Real Madrid,0,3,A,0,0,D,17,20,6,7,17,24,7,10,1,3,0,0
46,SP1,25/09/05,Ath Bilbao,Santander,0,0,D,0,0,D,17,5,3,1,16,29,17,5,3,6,0,0
47,SP1,25/09/05,Celta,Sevilla,2,1,H,2,0,H,12,9,5,3,22,24,4,6,2,5,0,0
48,SP1,25/09/05,Mallorca,Malaga,1,4,A,0,2,A,14,9,7,5,24,22,8,2,0,1,0,0
49,SP1,25/09/05,Osasuna,Cadiz,2,0,H,1,0,H,19,3,7,0,27,13,5,5,4,2,0,0
50,SP1,01/10/05,Barcelona,Zaragoza,2,2,D,0,0,D,22,7,7,3,16,23,1,2,4,3,0,1
51,SP1,01/10/05,Getafe,Valencia,2,1,H,1,1,D,12,9,6,2,25,24,2,0,1,4,0,1
52,SP1,02/10/05,Cadiz,Celta,1,1,D,1,1,D,11,8,6,5,26,18,3,3,2,4,0,0
53,SP1,02/10/05,La Coruna,Osasuna,0,1,A,0,1,A,12,7,1,4,24,25,2,5,1,3,0,0
54,SP1,02/10/05,Malaga,Ath Madrid,0,2,A,0,1,A,7,14,2,7,19,20,4,6,3,4,0,0
55,SP1,02/10/05,Real Madrid,Mallorca,4,0,H,2,0,H,16,11,8,3,17,18,9,5,0,2,0,1
56,SP1,02/10/05,Santander,Alaves,1,2,A,0,1,A,9,9,4,3,26,9,6,2,3,1,0,0
57,SP1,02/10/05,Sevilla,Espanol,1,1,D,0,1,A,12,8,3,3,13,11,9,2,3,1,0,0
58,SP1,02/10/05,Sociedad,Betis,1,1,D,0,1,A,16,11,5,3,14,25,4,5,2,2,0,0
59,SP1,02/10/05,Villarreal,Ath Bilbao,3,1,H,1,1,D,19,10,6,5,11,15,7,2,3,3,0,1
60,SP1,15/10/05,Alaves,Villarreal,1,1,D,1,1,D,12,9,4,4,16,18,12,2,2,5,0,0
61,SP1,15/10/05,Ath Madrid,Real Madrid,0,3,A,0,1,A,15,14,3,7,16,16,7,5,5,2,1,0
62,SP1,15/10/05,La Coruna,Barcelona,3,3,D,1,2,A,9,13,4,6,19,18,2,3,4,4,0,0
63,SP1,16/10/05,Ath Bilbao,Sevilla,0,1,A,0,1,A,21,10,3,3,9,17,6,3,1,2,1,0
64,SP1,16/10/05,Betis,Getafe,1,0,H,1,0,H,13,13,3,6,26,19,4,5,2,4,0,1
65,SP1,16/10/05,Espanol,Cadiz,0,2,A,0,0,D,7,8,1,4,18,18,4,4,1,3,1,0
66,SP1,16/10/05,Mallorca,Santander,0,0,D,0,0,D,13,7,3,4,23,21,9,0,2,7,0,0
67,SP1,16/10/05,Osasuna,Celta,2,0,H,0,0,D,10,14,4,3,25,17,3,7,4,2,0,0
68,SP1,16/10/05,Valencia,Malaga,2,1,H,1,0,H,15,11,7,4,21,23,9,4,3,2,0,0
69,SP1,16/10/05,Zaragoza,Sociedad,0,1,A,0,1,A,17,7,2,3,14,16,11,5,2,1,0,1
70,SP1,22/10/05,Barcelona,Osasuna,3,0,H,0,0,D,24,6,10,1,10,21,7,2,1,4,0,0
71,SP1,22/10/05,Sevilla,Alaves,2,0,H,1,0,H,13,8,5,3,21,19,6,3,2,7,0,0
72,SP1,23/10/05,Cadiz,Ath Bilbao,1,0,H,1,0,H,11,12,2,0,20,10,3,1,3,0,0,0
73,SP1,23/10/05,Celta,Espanol,1,0,H,0,0,D,19,12,5,4,18,21,3,1,3,4,0,1
74,SP1,23/10/05,Getafe,Zaragoza,5,2,H,4,0,H,14,14,8,6,15,24,5,7,2,5,0,0
75,SP1,23/10/05,Malaga,Betis,5,0,H,2,0,H,17,10,9,4,26,14,7,4,1,1,0,0
76,SP1,23/10/05,Real Madrid,Valencia,1,2,A,1,2,A,15,16,3,6,20,23,6,6,4,3,2,0
77,SP1,23/10/05,Santander,Ath Madrid,0,1,A,0,1,A,8,12,3,5,20,20,10,4,2,2,0,0
78,SP1,23/10/05,Sociedad,La Coruna,2,0,H,0,0,D,16,13,9,1,26,14,5,4,2,2,0,0
79,SP1,23/10/05,Villarreal,Mallorca,3,0,H,3,0,H,18,13,7,2,13,16,4,6,1,1,0,0
80,SP1,26/10/05,Barcelona,Malaga,2,0,H,0,0,D,36,4,20,1,6,24,12,2,0,5,0,0
81,SP1,26/10/05,Betis,Villarreal,2,3,A,1,1,D,10,4,4,4,10,8,2,2,4,4,1,0
82,SP1,26/10/05,La Coruna,Real Madrid,3,1,H,2,0,H,21,7,5,4,21,20,5,3,3,3,0,0
83,SP1,26/10/05,Mallorca,Celta,1,0,H,0,0,D,15,8,5,2,23,22,5,4,3,1,0,1
84,SP1,26/10/05,Osasuna,Ath Bilbao,3,2,H,1,1,D,11,16,7,2,21,19,2,2,4,1,0,0
85,SP1,27/10/05,Alaves,Espanol,1,1,D,1,1,D,12,12,9,6,19,12,10,10,3,3,1,0
86,SP1,27/10/05,Ath Madrid,Cadiz,3,0,H,1,0,H,20,7,10,2,21,13,9,5,3,2,0,0
87,SP1,27/10/05,Sociedad,Getafe,3,0,H,3,0,H,11,18,5,8,18,21,6,10,0,2,0,0
88,SP1,27/10/05,Valencia,Sevilla,0,2,A,0,1,A,24,4,6,2,16,16,10,2,1,0,0,0
89,SP1,27/10/05,Zaragoza,Santander,1,1,D,1,0,H,14,6,3,1,18,25,5,3,2,6,0,0
90,SP1,29/10/05,Ath Bilbao,Celta,1,1,D,1,0,H,14,11,3,4,25,13,6,3,2,2,0,0
91,SP1,29/10/05,Betis,Real Madrid,0,2,A,0,1,A,11,6,1,3,21,24,4,4,2,2,0,0
92,SP1,30/10/05,Alaves,Cadiz,0,0,D,0,0,D,10,7,6,3,25,19,4,0,1,2,0,0
93,SP1,30/10/05,Ath Madrid,Villarreal,1,1,D,1,0,H,16,7,5,2,26,18,8,2,6,4,1,1
94,SP1,30/10/05,Barcelona,Sociedad,5,0,H,2,0,H,21,2,8,1,13,9,4,5,1,3,0,1
95,SP1,30/10/05,La Coruna,Getafe,1,0,H,1,0,H,12,16,5,3,28,17,1,2,3,4,0,0
96,SP1,30/10/05,Mallorca,Sevilla,1,1,D,1,1,D,8,19,2,7,22,15,3,2,2,2,1,0
97,SP1,30/10/05,Osasuna,Espanol,2,0,H,1,0,H,16,7,7,0,18,20,5,4,2,6,0,1
98,SP1,30/10/05,Valencia,Santander,1,1,D,1,1,D,10,5,4,4,14,31,9,1,2,1,0,1
99,SP1,30/10/05,Zaragoza,Malaga,1,1,D,1,1,D,16,9,8,2,19,22,9,1,2,2,0,0
100,SP1,05/11/05,Espanol,Ath Bilbao,1,1,D,0,1,A,13,9,6,3,18,25,4,3,2,1,0,0
101,SP1,05/11/05,Sociedad,Osasuna,1,2,A,1,1,D,15,17,5,5,22,25,3,3,1,4,0,0
102,SP1,05/11/05,Villarreal,Valencia,1,0,H,1,0,H,15,13,4,6,17,22,1,6,1,1,0,0
103,SP1,06/11/05,Cadiz,Mallorca,1,2,A,1,1,D,9,9,4,4,15,21,7,3,3,3,0,1
104,SP1,06/11/05,Celta,Alaves,2,1,H,1,0,H,14,9,9,2,22,14,6,4,3,2,0,0
105,SP1,06/11/05,Getafe,Barcelona,1,3,A,0,1,A,7,10,3,7,20,10,5,4,1,0,0,0
106,SP1,06/11/05,Malaga,La Coruna,1,1,D,0,0,D,11,12,1,4,23,17,4,2,0,3,0,0
107,SP1,06/11/05,Real Madrid,Zaragoza,1,0,H,0,0,D,13,14,5,4,14,22,6,1,2,5,0,0
108,SP1,06/11/05,Santander,Betis,1,1,D,0,1,A,14,8,5,2,24,27,6,7,3,2,0,0
109,SP1,06/11/05,Sevilla,Ath Madrid,0,0,D,0,0,D,14,12,6,3,21,18,7,4,0,3,0,0
110,SP1,19/11/05,Getafe,Osasuna,0,0,D,0,0,D,13,9,4,2,17,26,4,2,2,2,0,0
111,SP1,19/11/05,Real Madrid,Barcelona,0,3,A,0,1,A,5,20,2,7,25,16,3,6,6,2,0,0
112,SP1,19/11/05,Sevilla,Betis,1,0,H,0,0,D,9,8,2,3,23,24,7,4,4,7,2,0
113,SP1,19/11/05,Villarreal,Zaragoza,0,0,D,0,0,D,10,11,3,3,19,19,6,2,2,3,0,0
114,SP1,20/11/05,Ath Bilbao,Alaves,0,2,A,0,1,A,18,11,5,7,20,18,11,1,3,3,0,0
115,SP1,20/11/05,Cadiz,Valencia,0,1,A,0,0,D,11,6,4,2,17,26,10,11,4,6,1,1
116,SP1,20/11/05,Celta,Ath Madrid,2,1,H,1,0,H,10,18,4,8,28,17,3,11,2,2,0,0
117,SP1,20/11/05,Espanol,Mallorca,2,0,H,2,0,H,13,9,6,1,26,25,4,4,3,5,0,1
118,SP1,20/11/05,Malaga,Sociedad,3,1,H,0,0,D,14,13,7,3,26,11,7,7,2,2,0,0
119,SP1,20/11/05,Santander,La Coruna,0,3,A,0,1,A,17,9,7,3,23,31,4,4,1,1,0,0
120,SP1,26/11/05,Mallorca,Ath Bilbao,0,1,A,0,0,D,12,6,4,1,22,21,4,3,1,3,0,0
121,SP1,26/11/05,Valencia,Celta,2,0,H,0,0,D,15,11,7,3,16,16,9,6,1,2,0,0
122,SP1,27/11/05,Ath Madrid,Espanol,1,1,D,1,1,D,16,19,5,7,22,22,5,7,4,4,0,0
123,SP1,27/11/05,Barcelona,Santander,4,1,H,1,0,H,25,3,7,1,13,30,8,0,1,2,0,1
124,SP1,27/11/05,Betis,Cadiz,1,1,D,1,0,H,12,14,5,5,18,8,4,5,4,2,1,0
125,SP1,27/11/05,Getafe,Malaga,3,2,H,2,1,H,17,10,6,4,16,30,9,8,0,2,0,0
126,SP1,27/11/05,La Coruna,Villarreal,0,2,A,0,0,D,17,17,3,10,32,22,7,6,4,2,0,0
127,SP1,27/11/05,Osasuna,Alaves,3,2,H,0,0,D,15,7,7,5,26,21,9,1,1,2,0,0
128,SP1,27/11/05,Sociedad,Real Madrid,2,2,D,1,0,H,11,20,5,10,27,15,4,5,4,5,1,1
129,SP1,27/11/05,Zaragoza,Sevilla,0,2,A,0,0,D,15,17,2,8,19,5,5,5,4,0,1,0
130,SP1,03/12/05,Ath Bilbao,Ath Madrid,1,1,D,0,1,A,14,6,3,1,14,23,9,3,4,3,0,0
131,SP1,03/12/05,Celta,Betis,2,1,H,2,0,H,9,23,4,4,29,21,5,11,5,4,0,1
132,SP1,03/12/05,Real Madrid,Getafe,1,0,H,1,0,H,6,19,1,4,17,24,3,13,3,3,1,0
133,SP1,04/12/05,Alaves,Mallorca,0,3,A,0,1,A,18,13,3,10,15,24,10,5,4,4,0,0
134,SP1,04/12/05,Cadiz,Zaragoza,1,2,A,1,0,H,4,6,1,2,15,20,3,4,2,4,0,0
135,SP1,04/12/05,Espanol,Valencia,1,3,A,0,2,A,15,18,2,9,23,15,4,4,3,2,0,1
136,SP1,04/12/05,Malaga,Osasuna,1,2,A,1,2,A,9,11,2,4,26,14,7,4,3,2,0,0
137,SP1,04/12/05,Santander,Sociedad,2,2,D,0,1,A,14,17,4,9,24,17,4,3,3,5,0,1
138,SP1,04/12/05,Sevilla,La Coruna,0,2,A,0,2,A,13,11,3,6,26,15,12,6,7,6,2,0
139,SP1,04/12/05,Villarreal,Barcelona,0,2,A,0,1,A,6,11,1,4,19,24,5,5,2,4,0,1
140,SP1,10/12/05,Sociedad,Villarreal,1,3,A,1,1,D,16,14,6,8,15,17,5,1,1,2,0,0
141,SP1,10/12/05,Valencia,Ath Bilbao,1,1,D,0,0,D,23,6,8,2,16,21,10,4,1,2,0,1
142,SP1,11/12/05,Ath Madrid,Alaves,1,1,D,0,0,D,21,11,2,6,17,17,12,3,2,2,0,0
143,SP1,11/12/05,Barcelona,Sevilla,2,1,H,0,0,D,14,7,3,2,24,19,7,1,4,2,0,0
144,SP1,11/12/05,Betis,Espanol,0,0,D,0,0,D,20,6,3,1,10,12,9,0,1,2,0,0
145,SP1,11/12/05,Getafe,Santander,1,2,A,1,1,D,10,7,3,4,20,21,10,1,3,5,0,0
146,SP1,11/12/05,La Coruna,Cadiz,1,0,H,0,0,D,20,8,6,4,23,18,5,5,1,2,0,0
147,SP1,11/12/05,Malaga,Real Madrid,0,2,A,0,2,A,22,17,8,7,37,11,7,3,5,1,0,0
148,SP1,11/12/05,Osasuna,Mallorca,1,0,H,1,0,H,20,9,6,3,20,15,6,4,2,2,0,0
149,SP1,11/12/05,Zaragoza,Celta,1,0,H,0,0,D,23,4,9,4,19,13,12,2,1,3,0,0
150,SP1,17/12/05,Ath Bilbao,Betis,2,0,H,2,0,H,12,9,2,3,20,23,4,2,1,1,0,1
151,SP1,17/12/05,Cadiz,Barcelona,1,3,A,0,2,A,12,19,1,9,13,17,4,8,2,1,0,0
152,SP1,17/12/05,Celta,La Coruna,0,3,A,0,3,A,6,7,1,5,16,23,7,2,3,3,1,0
153,SP1,18/12/05,Alaves,Valencia,0,1,A,0,1,A,12,14,3,3,18,19,7,5,5,2,0,0
154,SP1,18/12/05,Espanol,Zaragoza,2,2,D,0,0,D,13,15,4,6,27,14,4,3,4,2,0,0
155,SP1,18/12/05,Mallorca,Ath Madrid,2,2,D,1,2,A,8,11,4,4,19,17,7,4,4,5,1,1
156,SP1,18/12/05,Real Madrid,Osasuna,1,1,D,0,0,D,15,10,6,1,23,21,7,3,6,5,0,1
157,SP1,18/12/05,Santander,Malaga,1,1,D,1,1,D,16,10,5,5,20,21,8,5,3,6,3,2
158,SP1,18/12/05,Sevilla,Sociedad,3,2,H,0,1,A,29,9,8,2,20,17,6,2,4,6,0,2
159,SP1,18/12/05,Villarreal,Getafe,2,1,H,1,1,D,18,13,9,5,16,23,6,4,2,2,0,0
160,SP1,20/12/05,Barcelona,Celta,2,0,H,1,0,H,15,4,7,2,15,26,6,1,1,3,0,0
161,SP1,21/12/05,Betis,Alaves,3,0,H,1,0,H,15,12,8,3,27,21,3,1,2,3,0,0
162,SP1,21/12/05,Getafe,Sevilla,1,0,H,1,0,H,17,11,3,4,24,20,3,6,3,2,1,0
163,SP1,21/12/05,La Coruna,Espanol,1,2,A,0,0,D,14,9,6,3,20,16,12,2,3,4,0,1
164,SP1,21/12/05,Malaga,Villarreal,0,0,D,0,0,D,8,12,4,6,30,16,3,2,5,2,0,0
165,SP1,21/12/05,Real Madrid,Santander,1,2,A,0,2,A,19,9,5,4,20,10,6,4,3,3,0,0
166,SP1,21/12/05,Sociedad,Cadiz,2,0,H,1,0,H,20,8,6,5,19,24,9,4,1,3,0,1
167,SP1,21/12/05,Valencia,Mallorca,3,0,H,0,0,D,17,6,6,0,12,16,9,4,0,1,0,0
168,SP1,21/12/05,Zaragoza,Ath Bilbao,3,2,H,0,1,A,12,8,4,4,14,18,3,2,2,1,0,0
169,SP1,22/12/05,Osasuna,Ath Madrid,2,1,H,2,1,H,24,5,8,1,18,16,5,1,1,2,0,0
170,SP1,07/01/06,Ath Bilbao,La Coruna,1,2,A,0,1,A,18,13,5,3,21,25,6,2,1,5,0,0
171,SP1,07/01/06,Espanol,Barcelona,1,2,A,0,1,A,9,19,3,7,29,20,5,6,6,3,0,0
172,SP1,08/01/06,Alaves,Zaragoza,0,2,A,0,0,D,15,15,5,4,14,14,5,0,0,3,0,0
173,SP1,08/01/06,Ath Madrid,Valencia,0,0,D,0,0,D,14,9,2,5,27,21,5,10,2,0,0,0
174,SP1,08/01/06,Cadiz,Getafe,1,0,H,1,0,H,13,8,6,1,22,21,2,2,4,5,1,1
175,SP1,08/01/06,Celta,Sociedad,1,0,H,1,0,H,15,5,3,1,20,14,2,1,1,1,0,0
176,SP1,08/01/06,Mallorca,Betis,1,1,D,1,1,D,10,9,7,5,17,20,4,7,1,3,0,0
177,SP1,08/01/06,Osasuna,Santander,1,1,D,1,1,D,17,6,3,1,21,21,3,1,2,2,0,0
178,SP1,08/01/06,Sevilla,Malaga,3,1,H,1,0,H,19,8,7,3,19,19,10,2,6,2,0,1
179,SP1,08/01/06,Villarreal,Real Madrid,0,0,D,0,0,D,15,14,5,3,15,19,3,5,3,3,0,0
180,SP1,14/01/06,Betis,Ath Madrid,1,0,H,1,0,H,11,15,6,3,23,23,5,4,2,2,0,0
181,SP1,14/01/06,Valencia,Osasuna,2,0,H,1,0,H,15,12,4,5,13,21,8,8,3,1,0,0
182,SP1,15/01/06,Barcelona,Ath Bilbao,2,1,H,1,1,D,16,8,9,2,18,24,7,5,2,4,1,0
183,SP1,15/01/06,Getafe,Celta,1,1,D,1,0,H,24,12,6,3,23,22,9,4,1,2,0,0
184,SP1,15/01/06,La Coruna,Alaves,0,2,A,0,1,A,28,12,6,5,21,25,9,1,1,2,0,0
185,SP1,15/01/06,Malaga,Cadiz,0,2,A,0,2,A,5,6,1,2,14,13,2,2,5,1,1,0
186,SP1,15/01/06,Real Madrid,Sevilla,4,2,H,1,0,H,25,17,8,5,18,18,3,7,1,1,0,0
187,SP1,15/01/06,Santander,Villarreal,1,0,H,1,0,H,8,21,4,6,22,15,1,5,3,4,2,1
188,SP1,15/01/06,Sociedad,Espanol,0,1,A,0,0,D,14,12,2,5,22,20,6,2,3,2,0,1
189,SP1,15/01/06,Zaragoza,Mallorca,3,1,H,2,0,H,13,9,5,5,18,23,2,4,1,2,0,0
190,SP1,21/01/06,Real Madrid,Cadiz,3,1,H,0,0,D,10,15,5,4,26,18,8,9,4,1,0,0
191,SP1,21/01/06,Zaragoza,Ath Madrid,0,2,A,0,1,A,8,5,3,3,18,24,4,3,3,5,0,0
192,SP1,22/01/06,Barcelona,Alaves,2,0,H,0,0,D,25,3,7,1,23,19,7,5,1,2,0,0
193,SP1,22/01/06,Betis,Valencia,0,2,A,0,1,A,14,13,4,7,20,24,4,2,1,2,0,0
194,SP1,22/01/06,Getafe,Espanol,5,0,H,2,0,H,12,14,6,3,26,18,6,5,1,3,0,0
195,SP1,22/01/06,La Coruna,Mallorca,2,2,D,2,0,H,14,10,2,3,21,29,4,2,3,3,0,0
196,SP1,22/01/06,Malaga,Celta,0,2,A,0,0,D,15,14,3,5,26,14,6,7,2,1,0,0
197,SP1,22/01/06,Santander,Sevilla,2,3,A,1,1,D,17,9,6,4,21,26,6,3,3,3,0,0
198,SP1,22/01/06,Sociedad,Ath Bilbao,3,3,D,2,0,H,12,26,6,8,22,14,2,12,3,3,0,0
199,SP1,22/01/06,Villarreal,Osasuna,2,1,H,0,1,A,12,9,5,1,14,28,7,3,4,3,0,0
200,SP1,28/01/06,Ath Bilbao,Getafe,1,0,H,0,0,D,9,13,3,4,21,14,3,5,3,3,0,0
201,SP1,28/01/06,Ath Madrid,La Coruna,3,2,H,1,0,H,17,12,8,5,25,26,5,3,4,4,0,0
202,SP1,28/01/06,Cadiz,Santander,1,1,D,0,0,D,6,6,1,2,19,17,3,6,4,4,0,0
203,SP1,29/01/06,Alaves,Sociedad,3,1,H,1,0,H,12,20,6,7,15,18,2,6,2,1,0,0
204,SP1,29/01/06,Celta,Real Madrid,1,2,A,1,1,D,21,11,6,5,18,21,5,4,3,3,0,0
205,SP1,29/01/06,Espanol,Malaga,3,1,H,3,1,H,14,18,7,3,17,21,9,5,1,3,0,0
206,SP1,29/01/06,Mallorca,Barcelona,0,3,A,0,1,A,5,15,2,4,17,13,2,6,4,3,1,0
207,SP1,29/01/06,Osasuna,Betis,0,2,A,0,1,A,17,10,3,3,11,26,4,2,1,1,0,0
208,SP1,29/01/06,Sevilla,Villarreal,2,0,H,1,0,H,12,7,7,1,21,19,10,3,0,3,0,1
209,SP1,29/01/06,Valencia,Zaragoza,2,2,D,0,1,A,19,11,6,5,15,19,8,2,3,4,0,1
210,SP1,04/02/06,La Coruna,Valencia,0,1,A,0,1,A,10,10,4,5,21,16,4,1,3,5,0,0
211,SP1,04/02/06,Malaga,Ath Bilbao,2,1,H,1,1,D,8,8,5,2,18,22,6,5,5,3,1,0
212,SP1,04/02/06,Real Madrid,Espanol,4,0,H,3,0,H,16,8,10,1,23,12,3,5,1,2,0,0
213,SP1,05/02/06,Barcelona,Ath Madrid,1,3,A,0,1,A,15,13,6,5,19,26,6,2,3,4,0,0
214,SP1,05/02/06,Getafe,Alaves,2,2,D,1,1,D,18,6,7,3,16,16,19,2,1,2,0,0
215,SP1,05/02/06,Santander,Celta,0,1,A,0,0,D,16,10,6,6,26,18,9,3,4,2,0,0
216,SP1,05/02/06,Sevilla,Osasuna,0,1,A,0,0,D,10,8,3,2,21,22,5,3,6,6,1,0
217,SP1,05/02/06,Sociedad,Mallorca,2,1,H,1,1,D,12,11,5,1,21,20,3,7,3,4,0,0
218,SP1,05/02/06,Villarreal,Cadiz,1,1,D,0,1,A,14,12,7,4,21,20,6,3,4,1,1,0
219,SP1,05/02/06,Zaragoza,Betis,4,3,H,4,1,H,13,15,6,5,24,23,5,6,4,3,1,1
220,SP1,11/02/06,Ath Bilbao,Real Madrid,0,2,A,0,1,A,15,11,6,6,18,21,7,3,3,4,0,0
221,SP1,11/02/06,Cadiz,Sevilla,0,4,A,0,1,A,12,12,1,5,17,25,4,8,1,2,0,0
222,SP1,11/02/06,Osasuna,Zaragoza,1,1,D,1,1,D,17,5,4,1,20,10,5,4,2,1,0,0
223,SP1,12/02/06,Alaves,Malaga,3,2,H,1,0,H,11,10,5,3,20,20,1,5,3,2,0,0
224,SP1,12/02/06,Ath Madrid,Sociedad,1,0,H,0,0,D,16,9,3,4,24,21,5,2,3,0,0,1
225,SP1,12/02/06,Betis,La Coruna,0,1,A,0,0,D,16,14,3,3,21,21,6,1,2,4,0,0
226,SP1,12/02/06,Celta,Villarreal,1,0,H,1,0,H,7,9,3,2,26,16,4,7,1,2,0,0
227,SP1,12/02/06,Espanol,Santander,0,2,A,0,0,D,5,11,0,3,17,17,8,11,1,1,0,0
228,SP1,12/02/06,Mallorca,Getafe,1,1,D,0,0,D,4,13,1,3,27,23,4,2,4,2,0,0
229,SP1,12/02/06,Valencia,Barcelona,1,0,H,1,0,H,9,18,4,5,19,21,1,5,3,4,0,0
230,SP1,18/02/06,Barcelona,Betis,5,1,H,3,0,H,19,13,8,8,20,22,4,6,4,2,0,0
231,SP1,18/02/06,Real Madrid,Alaves,3,0,H,2,0,H,12,12,6,3,22,29,3,0,2,3,0,0
232,SP1,18/02/06,Sevilla,Celta,1,0,H,1,0,H,10,13,2,5,32,10,3,5,4,3,0,0
233,SP1,18/02/06,Villarreal,Espanol,4,0,H,3,0,H,11,10,8,3,15,17,3,5,3,6,0,0
234,SP1,19/02/06,Cadiz,Osasuna,1,3,A,1,2,A,10,7,3,5,10,25,9,1,3,4,1,0
235,SP1,19/02/06,Getafe,Ath Madrid,0,3,A,0,1,A,18,14,9,6,24,17,11,2,4,2,0,0
236,SP1,19/02/06,La Coruna,Zaragoza,1,1,D,0,1,A,11,8,4,4,18,15,4,1,3,3,1,0
237,SP1,19/02/06,Malaga,Mallorca,0,2,A,0,0,D,12,16,4,5,25,28,5,4,2,7,0,1
238,SP1,19/02/06,Santander,Ath Bilbao,0,1,A,0,0,D,13,8,3,2,20,27,8,6,3,6,1,0
239,SP1,19/02/06,Sociedad,Valencia,1,2,A,1,0,H,12,12,4,4,13,14,8,4,2,2,0,0
240,SP1,25/02/06,Ath Madrid,Malaga,5,0,H,3,0,H,17,10,11,0,25,26,7,0,1,4,0,1
241,SP1,25/02/06,Zaragoza,Barcelona,0,2,A,0,0,D,5,8,2,2,20,15,3,1,1,0,1,0
242,SP1,26/02/06,Alaves,Santander,2,2,D,2,1,H,6,12,2,4,25,25,3,7,3,4,0,0
243,SP1,26/02/06,Ath Bilbao,Villarreal,1,1,D,1,1,D,10,8,4,4,17,18,10,4,1,8,0,0
244,SP1,26/02/06,Betis,Sociedad,2,0,H,1,0,H,17,7,6,2,21,26,7,3,1,3,0,0
245,SP1,26/02/06,Celta,Cadiz,2,0,H,1,0,H,15,7,8,3,21,28,5,3,3,2,0,0
246,SP1,26/02/06,Espanol,Sevilla,5,0,H,1,0,H,15,12,9,2,16,21,5,7,1,1,0,1
247,SP1,26/02/06,Mallorca,Real Madrid,2,1,H,0,1,A,15,7,4,3,23,24,4,2,4,3,0,0
248,SP1,26/02/06,Osasuna,La Coruna,1,2,A,1,0,H,17,9,4,3,15,17,8,2,2,3,0,0
249,SP1,26/02/06,Valencia,Getafe,1,1,D,0,0,D,15,8,7,4,15,20,14,1,0,5,0,1
250,SP1,04/03/06,Barcelona,La Coruna,3,2,H,2,2,D,16,7,7,2,10,27,8,2,3,5,0,0
251,SP1,04/03/06,Cadiz,Espanol,2,0,H,0,0,D,9,17,3,6,24,24,6,5,3,1,0,0
252,SP1,04/03/06,Real Madrid,Ath Madrid,2,1,H,2,1,H,10,26,3,6,25,28,3,7,2,4,0,0
253,SP1,04/03/06,Villarreal,Alaves,3,2,H,1,2,A,15,3,4,2,22,19,11,1,4,0,0,0
254,SP1,05/03/06,Celta,Osasuna,2,0,H,1,0,H,9,14,5,0,16,16,5,5,1,4,0,1
255,SP1,05/03/06,Getafe,Betis,1,0,H,1,0,H,17,10,4,2,11,18,8,3,1,4,0,0
256,SP1,05/03/06,Malaga,Valencia,0,0,D,0,0,D,11,19,2,5,22,15,9,5,5,1,0,0
257,SP1,05/03/06,Santander,Mallorca,0,0,D,0,0,D,9,13,3,0,21,23,5,6,3,1,0,0
258,SP1,05/03/06,Sevilla,Ath Bilbao,2,1,H,1,1,D,13,10,4,3,11,24,8,6,1,5,1,0
259,SP1,05/03/06,Sociedad,Zaragoza,1,3,A,1,0,H,8,18,1,8,16,18,4,3,2,2,0,0
260,SP1,11/03/06,Espanol,Celta,2,0,H,2,0,H,7,17,4,4,19,14,4,6,2,2,1,0
261,SP1,11/03/06,La Coruna,Sociedad,0,1,A,0,0,D,18,9,4,1,20,16,5,5,4,3,0,0
262,SP1,11/03/06,Valencia,Real Madrid,0,0,D,0,0,D,11,13,2,6,25,22,5,5,4,2,0,0
263,SP1,12/03/06,Alaves,Sevilla,2,1,H,2,1,H,15,10,5,3,21,22,3,6,4,6,2,1
264,SP1,12/03/06,Ath Bilbao,Cadiz,1,0,H,0,0,D,8,6,1,1,19,18,4,8,2,1,1,1
265,SP1,12/03/06,Ath Madrid,Santander,2,1,H,0,0,D,12,15,6,4,22,23,5,3,4,4,1,0
266,SP1,12/03/06,Betis,Malaga,1,1,D,1,0,H,15,10,5,2,29,28,10,3,2,4,0,0
267,SP1,12/03/06,Mallorca,Villarreal,1,1,D,1,1,D,8,6,2,1,16,24,3,2,2,4,0,0
268,SP1,12/03/06,Osasuna,Barcelona,2,1,H,1,0,H,11,8,3,4,29,19,2,1,6,2,0,2
269,SP1,12/03/06,Zaragoza,Getafe,1,2,A,1,1,D,13,14,5,6,14,15,9,5,3,2,1,0
270,SP1,18/03/06,Getafe,La Coruna,1,2,A,0,1,A,19,8,4,5,18,25,9,4,4,6,1,0
271,SP1,18/03/06,Sociedad,Barcelona,0,2,A,0,1,A,9,14,5,6,21,14,7,3,2,2,0,0
272,SP1,18/03/06,Villarreal,Ath Madrid,1,1,D,1,0,H,6,12,3,3,21,21,0,3,3,3,0,1
273,SP1,19/03/06,Cadiz,Alaves,0,0,D,0,0,D,15,10,5,5,17,20,9,4,2,6,0,0
274,SP1,19/03/06,Celta,Ath Bilbao,0,1,A,0,1,A,25,7,6,4,14,25,9,4,2,4,0,1
275,SP1,19/03/06,Espanol,Osasuna,2,4,A,1,3,A,5,15,3,8,23,19,3,0,5,5,0,0
276,SP1,19/03/06,Malaga,Zaragoza,0,1,A,0,0,D,14,8,2,3,26,21,8,4,1,2,0,0
277,SP1,19/03/06,Real Madrid,Betis,0,0,D,0,0,D,16,19,4,2,19,24,5,8,2,2,0,0
278,SP1,19/03/06,Santander,Valencia,2,1,H,1,0,H,6,10,2,5,35,14,1,4,4,1,0,0
279,SP1,19/03/06,Sevilla,Mallorca,1,1,D,1,0,H,19,9,7,4,14,18,6,1,3,3,0,0
280,SP1,21/03/06,Barcelona,Getafe,3,1,H,1,1,D,15,9,4,4,17,18,10,6,1,2,0,0
281,SP1,22/03/06,Alaves,Celta,1,0,H,0,0,D,18,10,6,2,19,18,3,2,2,1,0,0
282,SP1,22/03/06,Ath Bilbao,Espanol,1,1,D,0,1,A,13,11,5,2,22,22,2,2,6,4,0,0
283,SP1,22/03/06,Betis,Santander,1,0,H,1,0,H,15,8,5,1,28,19,6,6,6,6,0,1
284,SP1,22/03/06,La Coruna,Malaga,2,1,H,0,1,A,17,12,6,3,19,31,6,5,1,8,0,1
285,SP1,22/03/06,Mallorca,Cadiz,1,0,H,1,0,H,16,6,9,1,16,28,7,5,4,5,0,0
286,SP1,22/03/06,Osasuna,Sociedad,2,0,H,1,0,H,7,13,4,2,25,10,3,5,4,1,0,0
287,SP1,22/03/06,Valencia,Villarreal,1,1,D,1,0,H,10,14,3,7,20,20,6,1,3,4,1,0
288,SP1,22/03/06,Zaragoza,Real Madrid,1,1,D,0,0,D,14,10,4,4,25,14,8,4,2,3,0,0
289,SP1,23/03/06,Ath Madrid,Sevilla,0,1,A,0,1,A,13,10,6,6,13,13,6,5,3,3,3,0
290,SP1,25/03/06,Ath Bilbao,Osasuna,1,0,H,0,0,D,11,7,2,2,17,20,3,4,2,4,1,1
291,SP1,25/03/06,Malaga,Barcelona,0,0,D,0,0,D,13,23,5,10,32,20,6,5,2,0,0,0
292,SP1,25/03/06,Villarreal,Betis,1,2,A,0,2,A,21,11,5,4,14,20,8,3,1,2,0,0
293,SP1,26/03/06,Cadiz,Ath Madrid,1,1,D,0,1,A,14,13,4,5,16,26,6,6,1,4,0,0
294,SP1,26/03/06,Celta,Mallorca,2,0,H,2,0,H,14,12,6,4,21,16,3,12,1,1,0,0
295,SP1,26/03/06,Espanol,Alaves,0,0,D,0,0,D,7,11,2,2,24,20,14,3,3,3,0,0
296,SP1,26/03/06,Getafe,Sociedad,2,1,H,1,1,D,10,9,3,3,17,26,3,5,2,4,0,1
297,SP1,26/03/06,Real Madrid,La Coruna,4,0,H,2,0,H,21,14,8,0,14,18,4,5,2,2,0,0
298,SP1,26/03/06,Santander,Zaragoza,0,0,D,0,0,D,11,16,2,7,19,18,5,5,1,2,0,0
299,SP1,26/03/06,Sevilla,Valencia,1,0,H,0,0,D,16,8,5,1,18,15,8,5,0,4,0,1
300,SP1,01/04/06,Barcelona,Real Madrid,1,1,D,1,1,D,35,3,11,1,21,18,12,0,2,6,0,1
301,SP1,01/04/06,Sociedad,Malaga,3,0,H,1,0,H,17,6,9,3,18,24,5,4,2,5,0,2
302,SP1,01/04/06,Zaragoza,Villarreal,0,1,A,0,1,A,29,2,9,1,14,21,12,1,3,4,0,0
303,SP1,02/04/06,Alaves,Ath Bilbao,0,0,D,0,0,D,11,4,2,1,10,24,5,2,2,4,0,0
304,SP1,02/04/06,Ath Madrid,Celta,0,3,A,0,0,D,25,7,7,6,19,13,9,3,7,1,0,0
305,SP1,02/04/06,Betis,Sevilla,2,1,H,2,1,H,12,11,6,3,28,19,1,3,5,2,0,0
306,SP1,02/04/06,La Coruna,Santander,2,0,H,1,0,H,16,9,7,1,21,24,5,1,1,1,0,0
307,SP1,02/04/06,Mallorca,Espanol,0,0,D,0,0,D,10,11,2,2,21,23,7,4,2,1,0,0
308,SP1,02/04/06,Osasuna,Getafe,0,4,A,0,2,A,26,12,4,5,15,21,2,5,1,6,0,0
309,SP1,02/04/06,Valencia,Cadiz,5,3,H,3,1,H,13,9,6,5,16,27,5,5,1,3,0,0
310,SP1,08/04/06,Cadiz,Betis,1,1,D,0,0,D,13,21,2,4,19,24,5,7,4,2,0,0
311,SP1,08/04/06,Celta,Valencia,0,1,A,0,1,A,12,7,2,4,21,24,5,0,2,3,0,0
312,SP1,08/04/06,Malaga,Getafe,1,2,A,0,1,A,13,17,5,6,23,17,3,6,3,1,1,0
313,SP1,08/04/06,Real Madrid,Sociedad,1,1,D,1,0,H,13,17,6,8,16,15,6,5,3,3,1,0
314,SP1,09/04/06,Alaves,Osasuna,1,2,A,0,1,A,20,8,7,4,16,24,4,5,3,3,0,1
315,SP1,09/04/06,Ath Bilbao,Mallorca,1,1,D,1,1,D,10,12,4,1,17,17,6,5,2,2,0,0
316,SP1,09/04/06,Espanol,Ath Madrid,1,1,D,0,0,D,15,13,4,1,17,24,5,1,5,3,0,0
317,SP1,09/04/06,Santander,Barcelona,2,2,D,2,2,D,8,10,3,3,19,15,4,1,4,1,0,1
318,SP1,09/04/06,Sevilla,Zaragoza,1,1,D,0,0,D,22,8,9,3,11,13,5,0,4,3,0,0
319,SP1,09/04/06,Villarreal,La Coruna,1,1,D,0,0,D,11,18,5,3,17,21,7,3,2,2,0,0
320,SP1,14/04/06,Barcelona,Villarreal,1,0,H,1,0,H,14,10,4,3,21,18,8,4,1,3,0,0
321,SP1,15/04/06,La Coruna,Sevilla,0,0,D,0,0,D,15,15,5,4,19,21,6,8,4,2,0,0
322,SP1,15/04/06,Mallorca,Alaves,0,0,D,0,0,D,17,9,2,2,21,34,7,0,1,1,0,0
323,SP1,15/04/06,Sociedad,Santander,1,0,H,0,0,D,9,12,1,2,16,21,4,6,1,3,0,0
324,SP1,16/04/06,Ath Madrid,Ath Bilbao,1,0,H,0,0,D,10,10,1,2,17,20,3,6,2,2,0,0
325,SP1,16/04/06,Betis,Celta,0,2,A,0,1,A,13,11,6,6,27,14,7,2,4,1,0,0
326,SP1,16/04/06,Getafe,Real Madrid,1,1,D,0,0,D,24,14,9,5,15,20,9,6,1,4,0,0
327,SP1,16/04/06,Osasuna,Malaga,1,1,D,1,0,H,11,10,3,4,22,21,4,4,1,2,0,1
328,SP1,16/04/06,Valencia,Espanol,4,0,H,1,0,H,17,10,7,6,14,11,10,5,1,4,0,1
329,SP1,16/04/06,Zaragoza,Cadiz,1,2,A,1,1,D,16,8,8,4,16,29,4,2,2,3,0,0
330,SP1,22/04/06,Alaves,Ath Madrid,0,1,A,0,1,A,8,9,1,4,15,17,3,4,3,2,0,0
331,SP1,22/04/06,Celta,Zaragoza,4,0,H,1,0,H,13,12,7,2,14,14,4,5,0,3,0,0
332,SP1,22/04/06,Villarreal,Sociedad,0,2,A,0,2,A,10,9,4,2,17,17,7,1,2,3,0,0
333,SP1,23/04/06,Ath Bilbao,Valencia,0,3,A,0,0,D,12,9,4,5,25,18,3,4,3,2,0,0
334,SP1,23/04/06,Cadiz,La Coruna,1,1,D,0,1,A,10,11,3,4,20,23,8,6,4,5,0,2
335,SP1,23/04/06,Espanol,Betis,2,0,H,1,0,H,13,12,7,5,12,18,1,3,2,1,0,1
336,SP1,23/04/06,Mallorca,Osasuna,0,1,A,0,0,D,12,9,4,2,16,20,9,4,3,2,0,0
337,SP1,23/04/06,Real Madrid,Malaga,2,1,H,0,1,A,31,13,12,3,16,22,11,2,4,4,0,0
338,SP1,23/04/06,Santander,Getafe,1,3,A,1,1,D,10,23,4,13,23,13,4,4,4,1,0,0
339,SP1,29/04/06,Barcelona,Cadiz,1,0,H,1,0,H,14,7,4,4,15,19,2,4,1,3,0,0
340,SP1,29/04/06,Betis,Ath Bilbao,1,1,D,1,0,H,10,10,2,5,19,14,4,10,2,2,0,0
341,SP1,29/04/06,La Coruna,Celta,0,2,A,0,1,A,12,13,3,6,25,26,6,4,2,3,1,0
342,SP1,30/04/06,Ath Madrid,Mallorca,0,1,A,0,0,D,15,11,3,3,16,17,9,4,2,4,0,0
343,SP1,30/04/06,Getafe,Villarreal,1,1,D,1,1,D,20,12,8,8,17,26,2,3,1,2,0,0
344,SP1,30/04/06,Malaga,Santander,2,3,A,2,1,H,11,9,4,7,28,27,4,5,4,3,0,0
345,SP1,30/04/06,Osasuna,Real Madrid,0,1,A,0,0,D,19,7,2,2,18,19,6,4,3,2,0,1
346,SP1,30/04/06,Sociedad,Sevilla,1,2,A,0,0,D,6,13,0,5,26,18,3,3,3,2,2,0
347,SP1,30/04/06,Valencia,Alaves,3,0,H,2,0,H,14,9,6,3,22,10,2,4,3,0,0,0
348,SP1,30/04/06,Zaragoza,Espanol,1,1,D,1,0,H,11,10,3,4,17,22,4,5,4,1,0,1
349,SP1,03/05/06,Alaves,Betis,2,0,H,1,0,H,8,18,5,2,17,27,1,1,3,3,1,0
350,SP1,03/05/06,Ath Bilbao,Zaragoza,1,0,H,0,0,D,10,12,2,4,17,11,0,3,2,2,0,0
351,SP1,03/05/06,Ath Madrid,Osasuna,0,1,A,0,1,A,19,10,5,5,20,21,11,2,2,3,1,1
352,SP1,03/05/06,Cadiz,Sociedad,2,2,D,0,1,A,18,10,5,4,12,25,5,2,1,1,0,0
353,SP1,03/05/06,Celta,Barcelona,0,1,A,0,0,D,13,14,1,5,17,17,7,2,3,3,0,0
354,SP1,03/05/06,Espanol,La Coruna,1,2,A,1,0,H,3,12,2,4,22,20,3,4,3,5,0,0
355,SP1,03/05/06,Mallorca,Valencia,2,1,H,1,1,D,13,7,7,4,23,23,4,2,2,2,0,0
356,SP1,03/05/06,Sevilla,Getafe,3,0,H,3,0,H,12,9,7,0,18,17,7,3,3,3,0,0
357,SP1,03/05/06,Villarreal,Malaga,2,1,H,2,1,H,13,20,4,5,17,16,3,5,0,0,0,0
358,SP1,04/05/06,Santander,Real Madrid,2,3,A,0,1,A,14,16,5,6,20,19,6,2,3,1,0,0
359,SP1,06/05/06,Barcelona,Espanol,2,0,H,1,0,H,15,19,5,9,14,24,8,7,0,1,0,0
360,SP1,06/05/06,Malaga,Sevilla,0,2,A,0,1,A,14,19,3,8,19,20,5,8,2,0,0,0
361,SP1,06/05/06,Valencia,Ath Madrid,1,1,D,1,1,D,14,12,6,4,13,20,5,8,1,2,0,0
362,SP1,07/05/06,Betis,Mallorca,2,1,H,2,0,H,7,8,3,2,19,15,3,4,3,2,0,0
363,SP1,07/05/06,Getafe,Cadiz,3,1,H,0,1,A,6,7,3,3,21,15,2,3,3,0,0,0
364,SP1,07/05/06,La Coruna,Ath Bilbao,1,2,A,1,0,H,15,10,6,3,18,14,5,7,3,1,0,0
365,SP1,07/05/06,Real Madrid,Villarreal,3,3,D,1,2,A,26,14,11,6,25,13,11,5,4,5,1,0
366,SP1,07/05/06,Santander,Osasuna,2,1,H,0,0,D,14,9,6,2,21,23,9,5,6,4,1,1
367,SP1,07/05/06,Sociedad,Celta,2,2,D,2,1,H,15,5,7,3,13,18,2,5,3,1,0,0
368,SP1,07/05/06,Zaragoza,Alaves,3,0,H,0,0,D,15,10,7,4,16,21,6,6,1,2,0,0
369,SP1,13/05/06,Alaves,La Coruna,1,0,H,0,0,D,16,11,8,0,18,25,6,2,2,2,0,0
370,SP1,13/05/06,Ath Madrid,Betis,1,1,D,1,0,H,12,17,7,4,22,18,6,5,1,4,0,0
371,SP1,13/05/06,Cadiz,Malaga,5,0,H,1,0,H,12,13,7,3,15,18,9,3,0,1,0,0
372,SP1,13/05/06,Celta,Getafe,1,0,H,1,0,H,13,6,5,1,14,25,6,4,4,1,0,1
373,SP1,13/05/06,Espanol,Sociedad,1,0,H,0,0,D,22,9,4,3,19,20,7,5,1,3,0,0
374,SP1,13/05/06,Mallorca,Zaragoza,3,1,H,1,1,D,20,12,10,5,15,10,4,4,2,1,0,0
375,SP1,13/05/06,Sevilla,Barcelona,3,2,H,2,2,D,16,16,4,4,16,20,8,4,4,1,0,1
376,SP1,13/05/06,Villarreal,Santander,2,0,H,1,0,H,12,13,6,6,14,18,7,8,1,2,0,0
377,SP1,16/05/06,Osasuna,Valencia,2,1,H,0,0,D,17,13,7,7,18,12,3,6,1,2,0,0
378,SP1,16/05/06,Sevilla,Real Madrid,4,3,H,4,2,H,20,18,9,8,16,15,8,4,4,4,0,0
379,SP1,20/05/06,Ath Bilbao,Barcelona,3,1,H,0,1,A,15,13,6,4,16,9,5,1,0,1,0,0
